-- phpMyAdmin SQL Dump
-- version 5.1.3
-- https://www.phpmyadmin.net/
--
-- Хост: 127.0.0.1:3306
-- Время создания: Июл 17 2022 г., 13:09
-- Версия сервера: 5.7.38
-- Версия PHP: 8.1.5

SET SQL_MODE = "NO_AUTO_VALUE_ON_ZERO";
START TRANSACTION;
SET time_zone = "+00:00";


/*!40101 SET @OLD_CHARACTER_SET_CLIENT=@@CHARACTER_SET_CLIENT */;
/*!40101 SET @OLD_CHARACTER_SET_RESULTS=@@CHARACTER_SET_RESULTS */;
/*!40101 SET @OLD_COLLATION_CONNECTION=@@COLLATION_CONNECTION */;
/*!40101 SET NAMES utf8mb4 */;

--
-- База данных: `laravel-hotel`
--

-- --------------------------------------------------------

--
-- Структура таблицы `apartments`
--

CREATE TABLE `apartments` (
  `id` bigint(20) UNSIGNED NOT NULL,
  `slug` varchar(255) COLLATE utf8mb4_unicode_ci NOT NULL,
  `title` varchar(255) COLLATE utf8mb4_unicode_ci NOT NULL,
  `full_description` text COLLATE utf8mb4_unicode_ci NOT NULL,
  `short_description` text COLLATE utf8mb4_unicode_ci NOT NULL,
  `address` varchar(255) COLLATE utf8mb4_unicode_ci NOT NULL,
  `star_rate` int(11) NOT NULL,
  `preview_image` varchar(255) COLLATE utf8mb4_unicode_ci DEFAULT NULL,
  `created_at` timestamp NULL DEFAULT NULL,
  `updated_at` timestamp NULL DEFAULT NULL,
  `distance_id` int(11) DEFAULT NULL,
  `city_id` int(11) NOT NULL,
  `manager_id` int(11) DEFAULT NULL,
  `type_id` int(11) NOT NULL,
  `rooms` int(11) NOT NULL DEFAULT '0',
  `user_id` int(11) NOT NULL
) ENGINE=InnoDB DEFAULT CHARSET=utf8mb4 COLLATE=utf8mb4_unicode_ci;

--
-- Дамп данных таблицы `apartments`
--

INSERT INTO `apartments` (`id`, `slug`, `title`, `full_description`, `short_description`, `address`, `star_rate`, `preview_image`, `created_at`, `updated_at`, `distance_id`, `city_id`, `manager_id`, `type_id`, `rooms`, `user_id`) VALUES
(15, 'golden-geyt-inn', 'Голден Гейт Інн', '<p style=\"margin-top: 0px; color: #262626; font-family: BlinkMacSystemFont, -apple-system, \'Segoe UI\', Roboto, Helvetica, Arial, sans-serif; font-size: 14px; background-color: #ffffff;\">Готель Golden Gate Inn розташований лише за 10 хвилин ходьби від Софійського собору і Золотих Воріт та за 20 хвилин ходьби від Хрещатика. До послуг гостей помешкання з кондиціонером, безкоштовним Wi-Fi та повністю обладнаною міні-кухнею.</p>\r\n<p style=\"color: #262626; font-family: BlinkMacSystemFont, -apple-system, \'Segoe UI\', Roboto, Helvetica, Arial, sans-serif; font-size: 14px; background-color: #ffffff;\">Класичні апартаменти облаштовані зоною відпочинку з диваном і телевізором з плоским екраном із супутниковими каналами та ванною кімнатою з феном, тапочками і безплатними туалетно-косметичними засобами.</p>\r\n<p style=\"margin-bottom: 0px; color: #262626; font-family: BlinkMacSystemFont, -apple-system, \'Segoe UI\', Roboto, Helvetica, Arial, sans-serif; font-size: 14px; background-color: #ffffff;\">Відстань від готелю Golden Gate Inn до станції метро \"Золоті ворота\" становить 800 метрів, а до Майдану Незалежності - 2 км. Київський залізничний вокзал розміщений за 3 км від закладу, а аеропорт Бориспіль - за 37 км.</p>\r\n<p style=\"margin-bottom: 0px; color: #262626; font-family: BlinkMacSystemFont, -apple-system, \'Segoe UI\', Roboto, Helvetica, Arial, sans-serif; font-size: 14px; background-color: #ffffff;\">Це улюблений район наших гостей у напрямку Київ, відповідно до незалежних відгуків.</p>', '<p class=\"hp-desc-review-highlight hp-desc-traveller-type--ph-v0\" style=\"font-size: 14px; color: #262626; font-family: BlinkMacSystemFont, -apple-system, \'Segoe UI\', Roboto, Helvetica, Arial, sans-serif; background-color: #ffffff;\">Це місце розташування особливо подобається парам - вони оцінили його на&nbsp;<strong>9,2</strong>&nbsp;для поїздки удвох. <span class=\"hp-desc-highlighted\" style=\"font-weight: bold;\">Голден Гейт Інн - приймає гостей Booking.com з 14 жовт. 2013</span></p>', 'Ярославів Вал 33 а, Київ, 11034, Україна', 3, '9sI3cpk5zd.jpg', '2022-07-17 04:33:42', '2022-07-17 04:40:07', 4, 440, 3, 2, 98, 11),
(16, 'radisson-blu-hotel', 'Radisson Blu Hotel', '<div id=\"summary\" class=\"\" style=\"font-size: 14px; color: #262626; font-family: BlinkMacSystemFont, -apple-system, \'Segoe UI\', Roboto, Helvetica, Arial, sans-serif; background-color: #ffffff;\">\r\n<div id=\"property_description_content\">\r\n<p style=\"margin-top: 0px;\">Готель Radisson Blu, Kyiv City Centre розташований у центрі Києва. Прогулянка до станції метро &ldquo;Золоті ворота&rdquo; займе 5 хвилин. До вулиці Хрещатик &ndash; 1 км. Надається безкоштовний Wi-Fi.</p>\r\n<p>Номери оформлені в різних стилях і оснащені кондиціонером, телевізором із плоским екраном і супутниковими каналами, а також усім необхідним для приготування чаю та кави. В окремій ванній кімнаті надаються безкоштовні туалетно-косметичні засоби.</p>\r\n<p>У готелі працюють лобі-бар і бістро C&Ocirc;T&Eacute; EST, де сервірують сніданок \"шведський стіл\".</p>\r\n<p>До послуг гостей добре обладнаний тренажерний зал, сауна та парова лазня. У салоні гості можуть замовити професійні косметичні та масажні процедури для чоловіків і жінок. Серед інших зручностей &ndash; приміщення для проведення конференцій.</p>\r\n<p style=\"margin-bottom: 0px;\">Готель Radisson Blu, Kyiv City Centre розміщений за 5 хвилин ходьби від Золотих воріт, одного з небагатьох збережених стародавніх пам\'ятників Києва. Відстань до міжнародного аеропорту Борисполя становить 37 км.</p>\r\n</div>\r\n</div>\r\n<p class=\"geo_information\" style=\"font-size: 14px; color: #262626; font-family: BlinkMacSystemFont, -apple-system, \'Segoe UI\', Roboto, Helvetica, Arial, sans-serif; background-color: #ffffff;\">Це улюблений район наших гостей у напрямку Київ, відповідно до незалежних відгуків.</p>\r\n<p class=\"hp-desc-review-highlight hp-desc-traveller-type--ph-v0\" style=\"font-size: 14px; color: #262626; font-family: BlinkMacSystemFont, -apple-system, \'Segoe UI\', Roboto, Helvetica, Arial, sans-serif; background-color: #ffffff;\">Це місце розташування особливо подобається парам - вони оцінили його на&nbsp;<strong>9,4</strong>&nbsp;для поїздки удвох.</p>', '<p><span class=\"hp-desc-highlighted\" style=\"color: #262626; font-family: BlinkMacSystemFont, -apple-system, \'Segoe UI\', Roboto, Helvetica, Arial, sans-serif; font-size: 14px; background-color: #ffffff;\">Це місце розташування особливо подобається парам - вони оцінили його на&nbsp;9,4</span><span class=\"hp-desc-highlighted\" style=\"color: #262626; font-family: BlinkMacSystemFont, -apple-system, \'Segoe UI\', Roboto, Helvetica, Arial, sans-serif; font-size: 14px; background-color: #ffffff;\"> для поїздки удвох.</span><span class=\"hp-desc-highlighted\" style=\"font-weight: bold; color: #262626; font-family: BlinkMacSystemFont, -apple-system, \'Segoe UI\', Roboto, Helvetica, Arial, sans-serif; font-size: 14px; background-color: #ffffff;\"> Radisson Blu Hotel, Kyiv City Centre - приймає гостей Booking.com з 4 чер. 2010</span></p>', 'м. Київ, вул. Ярославський вал 22, 01054', 5, 'gzit17rwf4.webp', '2022-07-17 04:45:12', '2022-07-17 04:47:19', 2, 440, 9, 2, 210, 11),
(17, 'status-villa', 'Status Вілла', '<p style=\"margin-top: 0px; color: #262626; font-family: BlinkMacSystemFont, -apple-system, \'Segoe UI\', Roboto, Helvetica, Arial, sans-serif; font-size: 14px; background-color: #ffffff;\">Готель \"Статус\" розташований у Вінниці, за 8 км від національного музею-садиби М. І. Пирогова. До послуг гостей ресторан, безкоштовна парковка, бар і спільний лаунж. Гостям також пропонують обслуговування номерів і безкоштовний Wi-Fi на всій території помешкання. Стійка реєстрації працює цілодобово. Деякі номери підходять для розміщення сімей.</p>\r\n<p style=\"color: #262626; font-family: BlinkMacSystemFont, -apple-system, \'Segoe UI\', Roboto, Helvetica, Arial, sans-serif; font-size: 14px; background-color: #ffffff;\">В усіх номерах готелю є письмовий стіл, телевізор із плоским екраном і власна ванна кімната. Гостям надають рушники та постільну білизну. До переліку інших зручностей у варіантах розміщення готелю \"Статус\" входить кондиціонер і шафа для одягу.</p>\r\n<p style=\"color: #262626; font-family: BlinkMacSystemFont, -apple-system, \'Segoe UI\', Roboto, Helvetica, Arial, sans-serif; font-size: 14px; background-color: #ffffff;\">У помешканні подають континентальний сніданок або сніданок по меню.</p>\r\n<p style=\"margin-bottom: 0px; color: #262626; font-family: BlinkMacSystemFont, -apple-system, \'Segoe UI\', Roboto, Helvetica, Arial, sans-serif; font-size: 14px; background-color: #ffffff;\">Мультимедійний фонтан Рошен розміщений за 2,2 км від готелю &ldquo;Статус&rdquo;. Відстань від готелю до міжнародного аеропорту Вінниці становить 13 км.</p>', '<p class=\"hp-desc-review-highlight hp-desc-traveller-type--ph-v0\" style=\"font-size: 14px; color: #262626; font-family: BlinkMacSystemFont, -apple-system, \'Segoe UI\', Roboto, Helvetica, Arial, sans-serif; background-color: #ffffff;\">Це місце розташування особливо подобається парам - вони оцінили його на&nbsp;<strong>9,1</strong>&nbsp;для поїздки удвох. <strong>Вілла </strong><span class=\"hp-desc-highlighted\" style=\"font-weight: bold;\">Status - приймає гостей Booking.com з 22 чер. 2016</span></p>', 'м. Вінниця, вул. Київська, 21032, Україна', 3, 'yTajsg9lmd.jpg', '2022-07-17 04:51:16', '2022-07-17 04:51:16', 4, 16, 6, 10, 56, 11),
(18, 'arkadiya', 'Аркадія', '<p style=\"margin-top: 0px; color: #262626; font-family: BlinkMacSystemFont, -apple-system, \'Segoe UI\', Roboto, Helvetica, Arial, sans-serif; font-size: 14px; background-color: #ffffff;\">Це помешкання розташоване в 5 хв. ходьби від пляжу Апартаменти Arcadia &amp; sea terrace розташовані в Одесі, за 450 метрів від пляжу Аркадія та за 1,2 км від пляжу Чайка. До послуг гостей сад із терасою. На території облаштовано власну парковку та надається безкоштовний Wi-Fi.</p>\r\n<p style=\"color: #262626; font-family: BlinkMacSystemFont, -apple-system, \'Segoe UI\', Roboto, Helvetica, Arial, sans-serif; font-size: 14px; background-color: #ffffff;\">В апартаментах є кондиціонер, повністю обладнана міні-кухня, телевізор із плоским екраном і окрема ванна кімната з ванною або душем, феном і безкоштовними туалетно-косметичними засобами. Серед інших зручностей: мікрохвильова піч, холодильник, чайник і плита.</p>\r\n<p style=\"margin-bottom: 0px; color: #262626; font-family: BlinkMacSystemFont, -apple-system, \'Segoe UI\', Roboto, Helvetica, Arial, sans-serif; font-size: 14px; background-color: #ffffff;\">За 7 км від апартаментів розміщені Одеський археологічний музей і Одеський театр опери й балету. Відстань від апартаментів Arcadia &amp; sea terrace до міжнародного аеропорту Одеси становить 7 км.</p>', '<p class=\"hp-desc-review-highlight hp-desc-traveller-type--ph-v0\" style=\"font-size: 14px; color: #262626; font-family: BlinkMacSystemFont, -apple-system, \'Segoe UI\', Roboto, Helvetica, Arial, sans-serif; background-color: #ffffff;\">Це місце розташування особливо подобається парам - вони оцінили його на&nbsp;<strong>9,6</strong>&nbsp;для поїздки удвох. <span class=\"hp-desc-highlighted\" style=\"font-weight: bold;\">Arcadia apartment &amp; sea terrace - приймає гостей Booking.com з 30 лип. 2020</span></p>', 'м. Одеса, вул. Каманіна 16, Україна', 5, 'E7G0VmMhSP.jpg', '2022-07-17 04:54:47', '2022-07-17 04:54:47', 2, 441, 8, 9, 30, 11);

-- --------------------------------------------------------

--
-- Структура таблицы `apartment_galleries`
--

CREATE TABLE `apartment_galleries` (
  `id` bigint(20) UNSIGNED NOT NULL,
  `apartment_id` int(11) NOT NULL,
  `image` varchar(255) COLLATE utf8mb4_unicode_ci NOT NULL,
  `created_at` timestamp NULL DEFAULT NULL,
  `updated_at` timestamp NULL DEFAULT NULL
) ENGINE=InnoDB DEFAULT CHARSET=utf8mb4 COLLATE=utf8mb4_unicode_ci;

--
-- Дамп данных таблицы `apartment_galleries`
--

INSERT INTO `apartment_galleries` (`id`, `apartment_id`, `image`, `created_at`, `updated_at`) VALUES
(25, 15, '6ClM7W8wQs.jpg', '2022-07-17 04:33:42', '2022-07-17 04:33:42'),
(26, 15, 'qVGnVMCgh4.jpg', '2022-07-17 04:33:42', '2022-07-17 04:33:42'),
(27, 15, 'ojSFNFK8vR.jpg', '2022-07-17 04:33:42', '2022-07-17 04:33:42'),
(28, 15, 'nS3BCBGbQX.jpg', '2022-07-17 04:33:42', '2022-07-17 04:33:42'),
(29, 16, 'JaBn2Axh83.webp', '2022-07-17 04:45:12', '2022-07-17 04:45:12'),
(30, 16, 'LqmQa003KK.webp', '2022-07-17 04:45:12', '2022-07-17 04:45:12'),
(31, 16, 'kbAaGDosMH.webp', '2022-07-17 04:45:12', '2022-07-17 04:45:12'),
(32, 16, 't5KjiLnoyf.webp', '2022-07-17 04:45:12', '2022-07-17 04:45:12'),
(33, 16, 'xwnMHYo1X6.webp', '2022-07-17 04:45:12', '2022-07-17 04:45:12'),
(34, 17, 'lLhtfAOlH1.jpg', '2022-07-17 04:51:16', '2022-07-17 04:51:16'),
(35, 17, 'Q5wJSurKxr.jpg', '2022-07-17 04:51:16', '2022-07-17 04:51:16'),
(36, 18, '5BfDbuoMuh.jpg', '2022-07-17 04:54:47', '2022-07-17 04:54:47'),
(37, 18, 'LGzc3TNzjt.jpg', '2022-07-17 04:54:47', '2022-07-17 04:54:47'),
(38, 18, 'qfMkdU34nZ.jpg', '2022-07-17 04:54:47', '2022-07-17 04:54:47');

-- --------------------------------------------------------

--
-- Структура таблицы `apartment_leisure_activities`
--

CREATE TABLE `apartment_leisure_activities` (
  `id` bigint(20) UNSIGNED NOT NULL,
  `apartment_id` int(11) NOT NULL,
  `leisure_activity_id` int(11) NOT NULL
) ENGINE=InnoDB DEFAULT CHARSET=utf8mb4 COLLATE=utf8mb4_unicode_ci;

--
-- Дамп данных таблицы `apartment_leisure_activities`
--

INSERT INTO `apartment_leisure_activities` (`id`, `apartment_id`, `leisure_activity_id`) VALUES
(30, 15, 8),
(31, 15, 11),
(32, 15, 12),
(33, 16, 8),
(34, 16, 5),
(35, 16, 13),
(36, 16, 4),
(37, 16, 6),
(38, 17, 8),
(39, 17, 11),
(40, 17, 4),
(41, 18, 5),
(42, 18, 4),
(43, 18, 6),
(44, 18, 12),
(45, 18, 11),
(46, 18, 13),
(47, 18, 8);

-- --------------------------------------------------------

--
-- Структура таблицы `apartment_meals`
--

CREATE TABLE `apartment_meals` (
  `id` bigint(20) UNSIGNED NOT NULL,
  `apartment_id` int(11) NOT NULL,
  `meal_id` int(11) NOT NULL
) ENGINE=InnoDB DEFAULT CHARSET=utf8mb4 COLLATE=utf8mb4_unicode_ci;

--
-- Дамп данных таблицы `apartment_meals`
--

INSERT INTO `apartment_meals` (`id`, `apartment_id`, `meal_id`) VALUES
(26, 15, 4),
(27, 15, 1),
(28, 16, 11),
(29, 17, 3),
(30, 18, 3),
(31, 18, 4),
(32, 18, 1);

-- --------------------------------------------------------

--
-- Структура таблицы `apartment_types`
--

CREATE TABLE `apartment_types` (
  `id` bigint(20) UNSIGNED NOT NULL,
  `title` varchar(255) COLLATE utf8mb4_unicode_ci NOT NULL,
  `created_at` timestamp NULL DEFAULT NULL,
  `updated_at` timestamp NULL DEFAULT NULL,
  `user_id` int(11) NOT NULL
) ENGINE=InnoDB DEFAULT CHARSET=utf8mb4 COLLATE=utf8mb4_unicode_ci;

--
-- Дамп данных таблицы `apartment_types`
--

INSERT INTO `apartment_types` (`id`, `title`, `created_at`, `updated_at`, `user_id`) VALUES
(2, 'Готель', '2022-07-02 14:39:51', '2022-07-02 14:39:51', 0),
(3, 'Хостел', '2022-07-02 14:39:57', '2022-07-02 14:39:57', 0),
(4, 'Багатоповерховий будинок', '2022-07-02 14:40:32', '2022-07-02 14:42:38', 0),
(8, 'Розміщення в сім\'ї', '2022-07-14 17:23:03', '2022-07-14 17:23:03', 11),
(9, 'Гостьовий будинок', '2022-07-14 17:23:07', '2022-07-14 17:23:41', 11),
(10, 'Вілла', '2022-07-14 17:23:13', '2022-07-14 17:23:47', 11),
(11, 'Шале', '2022-07-14 17:23:28', '2022-07-14 17:23:54', 11);

-- --------------------------------------------------------

--
-- Структура таблицы `bed_types`
--

CREATE TABLE `bed_types` (
  `id` bigint(20) UNSIGNED NOT NULL,
  `title` varchar(255) COLLATE utf8mb4_unicode_ci NOT NULL,
  `created_at` timestamp NULL DEFAULT NULL,
  `updated_at` timestamp NULL DEFAULT NULL,
  `user_id` int(11) NOT NULL
) ENGINE=InnoDB DEFAULT CHARSET=utf8mb4 COLLATE=utf8mb4_unicode_ci;

--
-- Дамп данных таблицы `bed_types`
--

INSERT INTO `bed_types` (`id`, `title`, `created_at`, `updated_at`, `user_id`) VALUES
(2, 'Двоярусне ліжко', '2022-07-02 18:14:32', '2022-07-02 18:14:32', 0),
(3, 'Двуспальне ліжко', '2022-07-02 18:14:42', '2022-07-02 18:14:42', 0),
(4, 'Односпальне ліжко', '2022-07-02 18:14:52', '2022-07-02 18:14:52', 0),
(6, 'Диван', '2022-07-02 18:15:43', '2022-07-02 18:15:43', 0),
(7, 'Додаткове ліжко', '2022-07-06 15:20:16', '2022-07-06 15:20:16', 0),
(8, 'Євророзкладушка', '2022-07-06 15:20:26', '2022-07-06 15:20:26', 0),
(9, 'Звичайна розкладушка', '2022-07-06 15:23:47', '2022-07-06 15:23:47', 0),
(10, 'Матрац', '2022-07-06 15:23:54', '2022-07-06 15:23:54', 0);

-- --------------------------------------------------------

--
-- Структура таблицы `bookings`
--

CREATE TABLE `bookings` (
  `id` bigint(20) UNSIGNED NOT NULL,
  `user_id` int(11) NOT NULL,
  `room_id` int(11) NOT NULL,
  `check_in` datetime NOT NULL,
  `check_out` datetime NOT NULL,
  `created_at` timestamp NULL DEFAULT NULL,
  `updated_at` timestamp NULL DEFAULT NULL,
  `apartment_id` int(11) DEFAULT NULL,
  `status` int(11) NOT NULL DEFAULT '1'
) ENGINE=InnoDB DEFAULT CHARSET=utf8mb4 COLLATE=utf8mb4_unicode_ci;

--
-- Дамп данных таблицы `bookings`
--

INSERT INTO `bookings` (`id`, `user_id`, `room_id`, `check_in`, `check_out`, `created_at`, `updated_at`, `apartment_id`, `status`) VALUES
(84, 36, 73, '2022-07-20 12:00:00', '2022-07-23 12:00:00', '2022-07-17 05:34:29', '2022-07-17 05:34:29', 18, 1);

-- --------------------------------------------------------

--
-- Структура таблицы `cities`
--

CREATE TABLE `cities` (
  `id` bigint(20) UNSIGNED NOT NULL,
  `title` varchar(255) COLLATE utf8mb4_unicode_ci NOT NULL,
  `created_at` timestamp NULL DEFAULT NULL,
  `updated_at` timestamp NULL DEFAULT NULL
) ENGINE=InnoDB DEFAULT CHARSET=utf8mb4 COLLATE=utf8mb4_unicode_ci;

--
-- Дамп данных таблицы `cities`
--

INSERT INTO `cities` (`id`, `title`, `created_at`, `updated_at`) VALUES
(1, 'Алушта', '2022-07-02 09:13:10', '2022-07-02 09:13:10'),
(2, 'Джанкой', '2022-07-02 09:13:10', '2022-07-02 09:13:10'),
(3, 'Євпаторія', '2022-07-02 09:13:10', '2022-07-02 09:13:10'),
(4, 'Керч', '2022-07-02 09:13:10', '2022-07-02 09:13:10'),
(5, 'Красноперекопськ', '2022-07-02 09:13:10', '2022-07-02 09:13:10'),
(6, 'Саки', '2022-07-02 09:13:10', '2022-07-02 09:13:10'),
(7, 'Армянськ', '2022-07-02 09:13:10', '2022-07-02 09:13:10'),
(8, 'Феодосія', '2022-07-02 09:13:10', '2022-07-02 09:13:10'),
(9, 'Судак', '2022-07-02 09:13:10', '2022-07-02 09:13:10'),
(10, 'Ялта', '2022-07-02 09:13:10', '2022-07-02 09:13:10'),
(11, 'Алупка', '2022-07-02 09:13:10', '2022-07-02 09:13:10'),
(12, 'Бахчисарай', '2022-07-02 09:13:10', '2022-07-02 09:13:10'),
(13, 'Білогірськ', '2022-07-02 09:13:10', '2022-07-02 09:13:10'),
(14, 'Старий крим', '2022-07-02 09:13:10', '2022-07-02 09:13:10'),
(16, 'Вінниця', '2022-07-02 09:13:10', '2022-07-02 09:13:10'),
(17, 'Жмеринка', '2022-07-02 09:13:10', '2022-07-02 09:13:10'),
(18, 'Могилів-подільський', '2022-07-02 09:13:10', '2022-07-02 09:13:10'),
(19, 'Козятин', '2022-07-02 09:13:10', '2022-07-02 09:13:10'),
(20, 'Ладижин', '2022-07-02 09:13:10', '2022-07-02 09:13:10'),
(21, 'Хмільник', '2022-07-02 09:13:10', '2022-07-02 09:13:10'),
(22, 'Бар', '2022-07-02 09:13:10', '2022-07-02 09:13:10'),
(23, 'Бершадь', '2022-07-02 09:13:10', '2022-07-02 09:13:10'),
(24, 'Гайсин', '2022-07-02 09:13:10', '2022-07-02 09:13:10'),
(25, 'Іллінці', '2022-07-02 09:13:10', '2022-07-02 09:13:10'),
(26, 'Калинівка', '2022-07-02 09:13:10', '2022-07-02 09:13:10'),
(27, 'Липовець', '2022-07-02 09:13:10', '2022-07-02 09:13:10'),
(28, 'Немирів', '2022-07-02 09:13:10', '2022-07-02 09:13:10'),
(29, 'Погребище', '2022-07-02 09:13:10', '2022-07-02 09:13:10'),
(30, 'Тульчин', '2022-07-02 09:13:10', '2022-07-02 09:13:10'),
(31, 'Гнівань', '2022-07-02 09:13:10', '2022-07-02 09:13:10'),
(32, 'Шаргород', '2022-07-02 09:13:10', '2022-07-02 09:13:10'),
(33, 'Ямпіль', '2022-07-02 09:13:10', '2022-07-02 09:13:10'),
(34, 'Луцьк', '2022-07-02 09:13:10', '2022-07-02 09:13:10'),
(35, 'Володимир-волинський', '2022-07-02 09:13:10', '2022-07-02 09:13:10'),
(36, 'Ковель', '2022-07-02 09:13:10', '2022-07-02 09:13:10'),
(37, 'Нововолинськ', '2022-07-02 09:13:10', '2022-07-02 09:13:10'),
(38, 'Устилуг', '2022-07-02 09:13:10', '2022-07-02 09:13:10'),
(39, 'Горохів', '2022-07-02 09:13:10', '2022-07-02 09:13:10'),
(40, 'Берестечко', '2022-07-02 09:13:10', '2022-07-02 09:13:10'),
(41, 'Камінь-каширський', '2022-07-02 09:13:10', '2022-07-02 09:13:10'),
(42, 'Ківерці', '2022-07-02 09:13:10', '2022-07-02 09:13:10'),
(43, 'Любомль', '2022-07-02 09:13:10', '2022-07-02 09:13:10'),
(44, 'Рожище', '2022-07-02 09:13:10', '2022-07-02 09:13:10'),
(45, 'Вільногірськ', '2022-07-02 09:13:10', '2022-07-02 09:13:10'),
(46, 'Жовті води', '2022-07-02 09:13:10', '2022-07-02 09:13:10'),
(47, 'Марганець', '2022-07-02 09:13:10', '2022-07-02 09:13:10'),
(48, 'Нікополь', '2022-07-02 09:13:10', '2022-07-02 09:13:10'),
(49, 'Новомосковськ', '2022-07-02 09:13:10', '2022-07-02 09:13:10'),
(50, 'Покров', '2022-07-02 09:13:10', '2022-07-02 09:13:10'),
(51, 'Павлоград', '2022-07-02 09:13:10', '2022-07-02 09:13:10'),
(52, 'Першотравенськ', '2022-07-02 09:13:10', '2022-07-02 09:13:10'),
(53, 'Синельникове', '2022-07-02 09:13:10', '2022-07-02 09:13:10'),
(54, 'Тернівка', '2022-07-02 09:13:10', '2022-07-02 09:13:10'),
(55, 'Апостолове', '2022-07-02 09:13:10', '2022-07-02 09:13:10'),
(56, 'Зеленодольськ', '2022-07-02 09:13:10', '2022-07-02 09:13:10'),
(57, 'Верхньодніпровськ', '2022-07-02 09:13:10', '2022-07-02 09:13:10'),
(58, 'Верхівцеве', '2022-07-02 09:13:10', '2022-07-02 09:13:10'),
(59, 'Підгородне', '2022-07-02 09:13:10', '2022-07-02 09:13:10'),
(60, 'Перещепине', '2022-07-02 09:13:10', '2022-07-02 09:13:10'),
(61, 'П\'ятихатки', '2022-07-02 09:13:10', '2022-07-02 09:13:10'),
(62, 'Моспине', '2022-07-02 09:13:10', '2022-07-02 09:13:10'),
(63, 'Авдіївка', '2022-07-02 09:13:10', '2022-07-02 09:13:10'),
(64, 'Бахмут', '2022-07-02 09:13:10', '2022-07-02 09:13:10'),
(65, 'Дебальцеве', '2022-07-02 09:13:10', '2022-07-02 09:13:10'),
(66, 'Торецьк', '2022-07-02 09:13:10', '2022-07-02 09:13:10'),
(67, 'Залізне', '2022-07-02 09:13:10', '2022-07-02 09:13:10'),
(68, 'Мирноград', '2022-07-02 09:13:10', '2022-07-02 09:13:10'),
(69, 'Добропілля', '2022-07-02 09:13:10', '2022-07-02 09:13:10'),
(70, 'Білицьке', '2022-07-02 09:13:10', '2022-07-02 09:13:10'),
(71, 'Білозерське', '2022-07-02 09:13:10', '2022-07-02 09:13:10'),
(72, 'Докучаєвськ', '2022-07-02 09:13:10', '2022-07-02 09:13:10'),
(73, 'Дружківка', '2022-07-02 09:13:10', '2022-07-02 09:13:10'),
(74, 'Єнакієве', '2022-07-02 09:13:10', '2022-07-02 09:13:10'),
(75, 'Бунге', '2022-07-02 09:13:10', '2022-07-02 09:13:10'),
(76, 'Жданівка', '2022-07-02 09:13:10', '2022-07-02 09:13:10'),
(77, 'Хрестівка', '2022-07-02 09:13:10', '2022-07-02 09:13:10'),
(78, 'Костянтинівка', '2022-07-02 09:13:10', '2022-07-02 09:13:10'),
(79, 'Краматорськ', '2022-07-02 09:13:10', '2022-07-02 09:13:10'),
(80, 'Покровськ', '2022-07-02 09:13:10', '2022-07-02 09:13:10'),
(81, 'Родинське', '2022-07-02 09:13:10', '2022-07-02 09:13:10'),
(82, 'Лиман', '2022-07-02 09:13:10', '2022-07-02 09:13:10'),
(83, 'Новогродівка', '2022-07-02 09:13:10', '2022-07-02 09:13:10'),
(84, 'Селидове', '2022-07-02 09:13:10', '2022-07-02 09:13:10'),
(85, 'Гірник', '2022-07-02 09:13:10', '2022-07-02 09:13:10'),
(86, 'Українськ', '2022-07-02 09:13:10', '2022-07-02 09:13:10'),
(87, 'Слов\'янськ', '2022-07-02 09:13:10', '2022-07-02 09:13:10'),
(88, 'Святогірськ', '2022-07-02 09:13:10', '2022-07-02 09:13:10'),
(89, 'Сніжне', '2022-07-02 09:13:10', '2022-07-02 09:13:10'),
(90, 'Чистякове', '2022-07-02 09:13:10', '2022-07-02 09:13:10'),
(91, 'Вугледар', '2022-07-02 09:13:10', '2022-07-02 09:13:10'),
(92, 'Харцизьк', '2022-07-02 09:13:10', '2022-07-02 09:13:10'),
(93, 'Зугрес', '2022-07-02 09:13:10', '2022-07-02 09:13:10'),
(94, 'Іловайськ', '2022-07-02 09:13:10', '2022-07-02 09:13:10'),
(95, 'Шахтарськ', '2022-07-02 09:13:10', '2022-07-02 09:13:10'),
(96, 'Ясинувата', '2022-07-02 09:13:10', '2022-07-02 09:13:10'),
(97, 'Амвросіївка', '2022-07-02 09:13:10', '2022-07-02 09:13:10'),
(98, 'Вуглегірськ', '2022-07-02 09:13:10', '2022-07-02 09:13:10'),
(99, 'Сіверськ', '2022-07-02 09:13:10', '2022-07-02 09:13:10'),
(100, 'Світлодарськ', '2022-07-02 09:13:10', '2022-07-02 09:13:10'),
(101, 'Соледар', '2022-07-02 09:13:10', '2022-07-02 09:13:10'),
(102, 'Часів яр', '2022-07-02 09:13:10', '2022-07-02 09:13:10'),
(103, 'Волноваха', '2022-07-02 09:13:10', '2022-07-02 09:13:10'),
(104, 'Мар\'їнка', '2022-07-02 09:13:11', '2022-07-02 09:13:11'),
(105, 'Красногорівка', '2022-07-02 09:13:11', '2022-07-02 09:13:11'),
(106, 'Курахове', '2022-07-02 09:13:11', '2022-07-02 09:13:11'),
(107, 'Новоазовськ', '2022-07-02 09:13:11', '2022-07-02 09:13:11'),
(108, 'Миколаївка', '2022-07-02 09:13:11', '2022-07-02 09:13:11'),
(109, 'Кальміуське', '2022-07-02 09:13:11', '2022-07-02 09:13:11'),
(110, 'Бердичів', '2022-07-02 09:13:11', '2022-07-02 09:13:11'),
(111, 'Коростень', '2022-07-02 09:13:11', '2022-07-02 09:13:11'),
(112, 'Малин', '2022-07-02 09:13:11', '2022-07-02 09:13:11'),
(113, 'Новоград-волинський', '2022-07-02 09:13:11', '2022-07-02 09:13:11'),
(114, 'Андрушівка', '2022-07-02 09:13:11', '2022-07-02 09:13:11'),
(115, 'Баранівка', '2022-07-02 09:13:11', '2022-07-02 09:13:11'),
(116, 'Коростишів', '2022-07-02 09:13:11', '2022-07-02 09:13:11'),
(117, 'Овруч', '2022-07-02 09:13:11', '2022-07-02 09:13:11'),
(118, 'Олевськ', '2022-07-02 09:13:11', '2022-07-02 09:13:11'),
(119, 'Радомишль', '2022-07-02 09:13:11', '2022-07-02 09:13:11'),
(120, 'Чуднів', '2022-07-02 09:13:11', '2022-07-02 09:13:11'),
(121, 'Ужгород', '2022-07-02 09:13:11', '2022-07-02 09:13:11'),
(122, 'Берегове', '2022-07-02 09:13:11', '2022-07-02 09:13:11'),
(123, 'Мукачево', '2022-07-02 09:13:11', '2022-07-02 09:13:11'),
(124, 'Хуст', '2022-07-02 09:13:11', '2022-07-02 09:13:11'),
(125, 'Чоп', '2022-07-02 09:13:11', '2022-07-02 09:13:11'),
(126, 'Виноградів', '2022-07-02 09:13:11', '2022-07-02 09:13:11'),
(127, 'Іршава', '2022-07-02 09:13:11', '2022-07-02 09:13:11'),
(128, 'Перечин', '2022-07-02 09:13:11', '2022-07-02 09:13:11'),
(129, 'Рахів', '2022-07-02 09:13:11', '2022-07-02 09:13:11'),
(130, 'Свалява', '2022-07-02 09:13:11', '2022-07-02 09:13:11'),
(131, 'Тячів', '2022-07-02 09:13:11', '2022-07-02 09:13:11'),
(132, 'Бердянськ', '2022-07-02 09:13:11', '2022-07-02 09:13:11'),
(133, 'Мелітополь', '2022-07-02 09:13:11', '2022-07-02 09:13:11'),
(134, 'Токмак', '2022-07-02 09:13:11', '2022-07-02 09:13:11'),
(135, 'Енергодар', '2022-07-02 09:13:11', '2022-07-02 09:13:11'),
(136, 'Василівка', '2022-07-02 09:13:11', '2022-07-02 09:13:11'),
(137, 'Дніпрорудне', '2022-07-02 09:13:11', '2022-07-02 09:13:11'),
(138, 'Вільнянськ', '2022-07-02 09:13:11', '2022-07-02 09:13:11'),
(139, 'Гуляйполе', '2022-07-02 09:13:11', '2022-07-02 09:13:11'),
(140, 'Кам\'янка-дніпровська', '2022-07-02 09:13:11', '2022-07-02 09:13:11'),
(141, 'Оріхів', '2022-07-02 09:13:11', '2022-07-02 09:13:11'),
(142, 'Пологи', '2022-07-02 09:13:11', '2022-07-02 09:13:11'),
(143, 'Приморськ', '2022-07-02 09:13:11', '2022-07-02 09:13:11'),
(144, 'Молочанськ', '2022-07-02 09:13:11', '2022-07-02 09:13:11'),
(145, 'Івано-франківськ', '2022-07-02 09:13:11', '2022-07-02 09:13:11'),
(146, 'Болехів', '2022-07-02 09:13:11', '2022-07-02 09:13:11'),
(147, 'Бурштин', '2022-07-02 09:13:11', '2022-07-02 09:13:11'),
(148, 'Калуш', '2022-07-02 09:13:11', '2022-07-02 09:13:11'),
(149, 'Коломия', '2022-07-02 09:13:11', '2022-07-02 09:13:11'),
(150, 'Яремче', '2022-07-02 09:13:11', '2022-07-02 09:13:11'),
(151, 'Галич', '2022-07-02 09:13:11', '2022-07-02 09:13:11'),
(152, 'Городенка', '2022-07-02 09:13:11', '2022-07-02 09:13:11'),
(153, 'Долина', '2022-07-02 09:13:11', '2022-07-02 09:13:11'),
(154, 'Косів', '2022-07-02 09:13:11', '2022-07-02 09:13:11'),
(155, 'Надвірна', '2022-07-02 09:13:11', '2022-07-02 09:13:11'),
(156, 'Рогатин', '2022-07-02 09:13:11', '2022-07-02 09:13:11'),
(157, 'Снятин', '2022-07-02 09:13:11', '2022-07-02 09:13:11'),
(158, 'Тлумач', '2022-07-02 09:13:11', '2022-07-02 09:13:11'),
(159, 'Тисмениця', '2022-07-02 09:13:11', '2022-07-02 09:13:11'),
(160, 'Біла церква', '2022-07-02 09:13:11', '2022-07-02 09:13:11'),
(161, 'Березань', '2022-07-02 09:13:11', '2022-07-02 09:13:11'),
(162, 'Бориспіль', '2022-07-02 09:13:11', '2022-07-02 09:13:11'),
(163, 'Бровари', '2022-07-02 09:13:11', '2022-07-02 09:13:11'),
(164, 'Васильків', '2022-07-02 09:13:11', '2022-07-02 09:13:11'),
(165, 'Буча', '2022-07-02 09:13:11', '2022-07-02 09:13:11'),
(166, 'Ірпінь', '2022-07-02 09:13:11', '2022-07-02 09:13:11'),
(167, 'Переяслав', '2022-07-02 09:13:11', '2022-07-02 09:13:11'),
(168, 'Прип\'ять', '2022-07-02 09:13:11', '2022-07-02 09:13:11'),
(169, 'Фастів', '2022-07-02 09:13:11', '2022-07-02 09:13:11'),
(170, 'Ржищів', '2022-07-02 09:13:11', '2022-07-02 09:13:11'),
(171, 'Славутич', '2022-07-02 09:13:11', '2022-07-02 09:13:11'),
(172, 'Обухів', '2022-07-02 09:13:11', '2022-07-02 09:13:11'),
(173, 'Узин', '2022-07-02 09:13:11', '2022-07-02 09:13:11'),
(174, 'Богуслав', '2022-07-02 09:13:11', '2022-07-02 09:13:11'),
(175, 'Вишгород', '2022-07-02 09:13:11', '2022-07-02 09:13:11'),
(176, 'Чорнобиль', '2022-07-02 09:13:11', '2022-07-02 09:13:11'),
(177, 'Кагарлик', '2022-07-02 09:13:11', '2022-07-02 09:13:11'),
(178, 'Боярка', '2022-07-02 09:13:11', '2022-07-02 09:13:11'),
(179, 'Вишневе', '2022-07-02 09:13:11', '2022-07-02 09:13:11'),
(180, 'Миронівка', '2022-07-02 09:13:11', '2022-07-02 09:13:11'),
(181, 'Українка', '2022-07-02 09:13:11', '2022-07-02 09:13:11'),
(182, 'Сквира', '2022-07-02 09:13:11', '2022-07-02 09:13:11'),
(183, 'Тараща', '2022-07-02 09:13:11', '2022-07-02 09:13:11'),
(184, 'Тетіїв', '2022-07-02 09:13:11', '2022-07-02 09:13:11'),
(185, 'Яготин', '2022-07-02 09:13:11', '2022-07-02 09:13:11'),
(186, 'Олександрія', '2022-07-02 09:13:11', '2022-07-02 09:13:11'),
(187, 'Знам\'янка', '2022-07-02 09:13:11', '2022-07-02 09:13:11'),
(188, 'Світловодськ', '2022-07-02 09:13:11', '2022-07-02 09:13:11'),
(189, 'Бобринець', '2022-07-02 09:13:11', '2022-07-02 09:13:11'),
(190, 'Гайворон', '2022-07-02 09:13:11', '2022-07-02 09:13:11'),
(191, 'Помічна', '2022-07-02 09:13:11', '2022-07-02 09:13:11'),
(192, 'Долинська', '2022-07-02 09:13:11', '2022-07-02 09:13:11'),
(193, 'Мала виска', '2022-07-02 09:13:11', '2022-07-02 09:13:11'),
(194, 'Новомиргород', '2022-07-02 09:13:11', '2022-07-02 09:13:11'),
(195, 'Новоукраїнка', '2022-07-02 09:13:11', '2022-07-02 09:13:11'),
(196, 'Благовіщенське', '2022-07-02 09:13:11', '2022-07-02 09:13:11'),
(197, 'Олександрівськ', '2022-07-02 09:13:11', '2022-07-02 09:13:11'),
(198, 'Антрацит', '2022-07-02 09:13:11', '2022-07-02 09:13:11'),
(199, 'Брянка', '2022-07-02 09:13:11', '2022-07-02 09:13:11'),
(200, 'Голубівка', '2022-07-02 09:13:11', '2022-07-02 09:13:11'),
(201, 'Алчевськ', '2022-07-02 09:13:11', '2022-07-02 09:13:11'),
(202, 'Сорокине', '2022-07-02 09:13:11', '2022-07-02 09:13:11'),
(203, 'Молодогвардійськ', '2022-07-02 09:13:11', '2022-07-02 09:13:11'),
(204, 'Суходільськ', '2022-07-02 09:13:11', '2022-07-02 09:13:11'),
(205, 'Хрустальний', '2022-07-02 09:13:11', '2022-07-02 09:13:11'),
(206, 'Боково-хрустальне', '2022-07-02 09:13:11', '2022-07-02 09:13:11'),
(207, 'Міусинськ', '2022-07-02 09:13:11', '2022-07-02 09:13:11'),
(208, 'Петрово-красносілля', '2022-07-02 09:13:11', '2022-07-02 09:13:11'),
(209, 'Лисичанськ', '2022-07-02 09:13:11', '2022-07-02 09:13:11'),
(210, 'Новодружеськ', '2022-07-02 09:13:11', '2022-07-02 09:13:11'),
(211, 'Привілля', '2022-07-02 09:13:11', '2022-07-02 09:13:11'),
(212, 'Первомайськ', '2022-07-02 09:13:11', '2022-07-02 09:13:11'),
(213, 'Ровеньки', '2022-07-02 09:13:11', '2022-07-02 09:13:11'),
(214, 'Рубіжне', '2022-07-02 09:13:11', '2022-07-02 09:13:11'),
(215, 'Довжанськ', '2022-07-02 09:13:11', '2022-07-02 09:13:11'),
(216, 'Вознесенівка', '2022-07-02 09:13:11', '2022-07-02 09:13:11'),
(217, 'Сєвєродонецьк', '2022-07-02 09:13:11', '2022-07-02 09:13:11'),
(218, 'Кадіївка', '2022-07-02 09:13:11', '2022-07-02 09:13:11'),
(219, 'Алмазна', '2022-07-02 09:13:11', '2022-07-02 09:13:11'),
(220, 'Ірміно', '2022-07-02 09:13:11', '2022-07-02 09:13:11'),
(221, 'Кремінна', '2022-07-02 09:13:11', '2022-07-02 09:13:11'),
(222, 'Лутугине', '2022-07-02 09:13:11', '2022-07-02 09:13:11'),
(223, 'Щастя', '2022-07-02 09:13:11', '2022-07-02 09:13:11'),
(224, 'Перевальськ', '2022-07-02 09:13:11', '2022-07-02 09:13:11'),
(225, 'Кипуче', '2022-07-02 09:13:11', '2022-07-02 09:13:11'),
(226, 'Зоринськ', '2022-07-02 09:13:11', '2022-07-02 09:13:11'),
(227, 'Попасна', '2022-07-02 09:13:11', '2022-07-02 09:13:11'),
(228, 'Гірське', '2022-07-02 09:13:11', '2022-07-02 09:13:11'),
(229, 'Золоте', '2022-07-02 09:13:11', '2022-07-02 09:13:11'),
(230, 'Сватове', '2022-07-02 09:13:11', '2022-07-02 09:13:11'),
(231, 'Зимогір\'я', '2022-07-02 09:13:11', '2022-07-02 09:13:11'),
(232, 'Старобільськ', '2022-07-02 09:13:11', '2022-07-02 09:13:11'),
(233, 'Винники', '2022-07-02 09:13:11', '2022-07-02 09:13:11'),
(234, 'Борислав', '2022-07-02 09:13:11', '2022-07-02 09:13:11'),
(235, 'Дрогобич', '2022-07-02 09:13:11', '2022-07-02 09:13:11'),
(236, 'Стебник', '2022-07-02 09:13:11', '2022-07-02 09:13:11'),
(237, 'Моршин', '2022-07-02 09:13:11', '2022-07-02 09:13:11'),
(238, 'Новий розділ', '2022-07-02 09:13:11', '2022-07-02 09:13:11'),
(239, 'Самбір', '2022-07-02 09:13:11', '2022-07-02 09:13:11'),
(240, 'Стрий', '2022-07-02 09:13:11', '2022-07-02 09:13:11'),
(241, 'Трускавець', '2022-07-02 09:13:11', '2022-07-02 09:13:11'),
(242, 'Червоноград', '2022-07-02 09:13:11', '2022-07-02 09:13:11'),
(243, 'Броди', '2022-07-02 09:13:11', '2022-07-02 09:13:11'),
(244, 'Буськ', '2022-07-02 09:13:11', '2022-07-02 09:13:11'),
(245, 'Городок', '2022-07-02 09:13:11', '2022-07-02 09:13:11'),
(246, 'Комарно', '2022-07-02 09:13:11', '2022-07-02 09:13:11'),
(247, 'Жидачів', '2022-07-02 09:13:11', '2022-07-02 09:13:11'),
(248, 'Ходорів', '2022-07-02 09:13:11', '2022-07-02 09:13:11'),
(249, 'Золочів', '2022-07-02 09:13:11', '2022-07-02 09:13:11'),
(250, 'Глиняни', '2022-07-02 09:13:11', '2022-07-02 09:13:11'),
(251, 'Кам\'янка-бузька', '2022-07-02 09:13:11', '2022-07-02 09:13:11'),
(252, 'Мостиська', '2022-07-02 09:13:11', '2022-07-02 09:13:11'),
(253, 'Судова вишня', '2022-07-02 09:13:11', '2022-07-02 09:13:11'),
(254, 'Жовква', '2022-07-02 09:13:11', '2022-07-02 09:13:11'),
(255, 'Дубляни', '2022-07-02 09:13:11', '2022-07-02 09:13:11'),
(256, 'Рава-руська', '2022-07-02 09:13:11', '2022-07-02 09:13:11'),
(257, 'Миколаїв', '2022-07-02 09:13:11', '2022-07-02 09:13:11'),
(258, 'Перемишляни', '2022-07-02 09:13:11', '2022-07-02 09:13:11'),
(259, 'Бібрка', '2022-07-02 09:13:11', '2022-07-02 09:13:11'),
(260, 'Пустомити', '2022-07-02 09:13:11', '2022-07-02 09:13:11'),
(261, 'Радехів', '2022-07-02 09:13:11', '2022-07-02 09:13:11'),
(262, 'Новий калинів', '2022-07-02 09:13:11', '2022-07-02 09:13:11'),
(263, 'Рудки', '2022-07-02 09:13:11', '2022-07-02 09:13:11'),
(264, 'Сколе', '2022-07-02 09:13:11', '2022-07-02 09:13:11'),
(265, 'Сокаль', '2022-07-02 09:13:11', '2022-07-02 09:13:11'),
(266, 'Соснівка', '2022-07-02 09:13:11', '2022-07-02 09:13:11'),
(267, 'Белз', '2022-07-02 09:13:11', '2022-07-02 09:13:11'),
(268, 'Великі мости', '2022-07-02 09:13:11', '2022-07-02 09:13:11'),
(269, 'Угнів', '2022-07-02 09:13:11', '2022-07-02 09:13:11'),
(270, 'Старий самбір', '2022-07-02 09:13:11', '2022-07-02 09:13:11'),
(271, 'Добромиль', '2022-07-02 09:13:11', '2022-07-02 09:13:11'),
(272, 'Хирів', '2022-07-02 09:13:11', '2022-07-02 09:13:11'),
(273, 'Турка', '2022-07-02 09:13:11', '2022-07-02 09:13:11'),
(274, 'Яворів', '2022-07-02 09:13:11', '2022-07-02 09:13:11'),
(275, 'Новояворівськ', '2022-07-02 09:13:11', '2022-07-02 09:13:11'),
(276, 'Вознесенськ', '2022-07-02 09:13:11', '2022-07-02 09:13:11'),
(277, 'Очаків', '2022-07-02 09:13:11', '2022-07-02 09:13:11'),
(278, 'Первомайськ', '2022-07-02 09:13:11', '2022-07-02 09:13:11'),
(279, 'Южноукраїнськ', '2022-07-02 09:13:11', '2022-07-02 09:13:11'),
(280, 'Баштанка', '2022-07-02 09:13:11', '2022-07-02 09:13:11'),
(281, 'Новий буг', '2022-07-02 09:13:11', '2022-07-02 09:13:11'),
(282, 'Нова одеса', '2022-07-02 09:13:11', '2022-07-02 09:13:11'),
(283, 'Снігурівка', '2022-07-02 09:13:11', '2022-07-02 09:13:11'),
(284, 'Балта', '2022-07-02 09:13:11', '2022-07-02 09:13:11'),
(285, 'Білгород-дністровський', '2022-07-02 09:13:11', '2022-07-02 09:13:11'),
(286, 'Біляївка', '2022-07-02 09:13:11', '2022-07-02 09:13:11'),
(287, 'Ізмаїл', '2022-07-02 09:13:11', '2022-07-02 09:13:11'),
(288, 'Чорноморськ', '2022-07-02 09:13:11', '2022-07-02 09:13:11'),
(289, 'Подільськ', '2022-07-02 09:13:11', '2022-07-02 09:13:11'),
(290, 'Теплодар', '2022-07-02 09:13:11', '2022-07-02 09:13:11'),
(291, 'Южне', '2022-07-02 09:13:11', '2022-07-02 09:13:11'),
(292, 'Ананьїв', '2022-07-02 09:13:11', '2022-07-02 09:13:11'),
(293, 'Арциз', '2022-07-02 09:13:11', '2022-07-02 09:13:11'),
(294, 'Березівка', '2022-07-02 09:13:11', '2022-07-02 09:13:11'),
(295, 'Болград', '2022-07-02 09:13:11', '2022-07-02 09:13:11'),
(296, 'Кілія', '2022-07-02 09:13:11', '2022-07-02 09:13:11'),
(297, 'Вилкове', '2022-07-02 09:13:11', '2022-07-02 09:13:11'),
(298, 'Кодима', '2022-07-02 09:13:11', '2022-07-02 09:13:11'),
(299, 'Роздільна', '2022-07-02 09:13:11', '2022-07-02 09:13:11'),
(300, 'Рені', '2022-07-02 09:13:11', '2022-07-02 09:13:11'),
(301, 'Татарбунари', '2022-07-02 09:13:11', '2022-07-02 09:13:11'),
(302, 'Горішні плавні', '2022-07-02 09:13:11', '2022-07-02 09:13:11'),
(303, 'Гадяч', '2022-07-02 09:13:11', '2022-07-02 09:13:11'),
(304, 'Лубни', '2022-07-02 09:13:11', '2022-07-02 09:13:11'),
(305, 'Миргород', '2022-07-02 09:13:11', '2022-07-02 09:13:11'),
(306, 'Глобине', '2022-07-02 09:13:11', '2022-07-02 09:13:11'),
(307, 'Гребінка', '2022-07-02 09:13:11', '2022-07-02 09:13:11'),
(308, 'Зіньків', '2022-07-02 09:13:11', '2022-07-02 09:13:11'),
(309, 'Карлівка', '2022-07-02 09:13:11', '2022-07-02 09:13:11'),
(310, 'Кобеляки', '2022-07-02 09:13:11', '2022-07-02 09:13:11'),
(311, 'Лохвиця', '2022-07-02 09:13:11', '2022-07-02 09:13:11'),
(312, 'Заводське', '2022-07-02 09:13:11', '2022-07-02 09:13:11'),
(313, 'Пирятин', '2022-07-02 09:13:11', '2022-07-02 09:13:11'),
(314, 'Решетилівка', '2022-07-02 09:13:11', '2022-07-02 09:13:11'),
(315, 'Хорол', '2022-07-02 09:13:11', '2022-07-02 09:13:11'),
(316, 'Рівне', '2022-07-02 09:13:11', '2022-07-02 09:13:11'),
(317, 'Дубно', '2022-07-02 09:13:11', '2022-07-02 09:13:11'),
(318, 'Вараш', '2022-07-02 09:13:11', '2022-07-02 09:13:11'),
(319, 'Острог', '2022-07-02 09:13:11', '2022-07-02 09:13:11'),
(320, 'Березне', '2022-07-02 09:13:11', '2022-07-02 09:13:11'),
(321, 'Дубровиця', '2022-07-02 09:13:11', '2022-07-02 09:13:11'),
(322, 'Здолбунів', '2022-07-02 09:13:11', '2022-07-02 09:13:11'),
(323, 'Корець', '2022-07-02 09:13:11', '2022-07-02 09:13:11'),
(324, 'Костопіль', '2022-07-02 09:13:11', '2022-07-02 09:13:11'),
(325, 'Сарни', '2022-07-02 09:13:11', '2022-07-02 09:13:11'),
(326, 'Радивилів', '2022-07-02 09:13:11', '2022-07-02 09:13:11'),
(327, 'Охтирка', '2022-07-02 09:13:11', '2022-07-02 09:13:11'),
(328, 'Глухів', '2022-07-02 09:13:11', '2022-07-02 09:13:11'),
(329, 'Конотоп', '2022-07-02 09:13:11', '2022-07-02 09:13:11'),
(330, 'Лебедин', '2022-07-02 09:13:11', '2022-07-02 09:13:11'),
(331, 'Ромни', '2022-07-02 09:13:11', '2022-07-02 09:13:11'),
(332, 'Шостка', '2022-07-02 09:13:11', '2022-07-02 09:13:11'),
(333, 'Білопілля', '2022-07-02 09:13:11', '2022-07-02 09:13:11'),
(334, 'Ворожба', '2022-07-02 09:13:11', '2022-07-02 09:13:11'),
(335, 'Буринь', '2022-07-02 09:13:11', '2022-07-02 09:13:11'),
(336, 'Кролевець', '2022-07-02 09:13:11', '2022-07-02 09:13:11'),
(337, 'Путивль', '2022-07-02 09:13:11', '2022-07-02 09:13:11'),
(338, 'Середина-буда', '2022-07-02 09:13:11', '2022-07-02 09:13:11'),
(339, 'Тростянець', '2022-07-02 09:13:11', '2022-07-02 09:13:11'),
(340, 'Дружба', '2022-07-02 09:13:11', '2022-07-02 09:13:11'),
(341, 'Тернопіль', '2022-07-02 09:13:11', '2022-07-02 09:13:11'),
(342, 'Чортків', '2022-07-02 09:13:11', '2022-07-02 09:13:11'),
(343, 'Бережани', '2022-07-02 09:13:11', '2022-07-02 09:13:11'),
(344, 'Кременець', '2022-07-02 09:13:11', '2022-07-02 09:13:11'),
(345, 'Борщів', '2022-07-02 09:13:11', '2022-07-02 09:13:11'),
(346, 'Бучач', '2022-07-02 09:13:11', '2022-07-02 09:13:11'),
(347, 'Копичинці', '2022-07-02 09:13:11', '2022-07-02 09:13:11'),
(348, 'Хоростків', '2022-07-02 09:13:11', '2022-07-02 09:13:11'),
(349, 'Заліщики', '2022-07-02 09:13:11', '2022-07-02 09:13:11'),
(350, 'Збараж', '2022-07-02 09:13:11', '2022-07-02 09:13:11'),
(351, 'Зборів', '2022-07-02 09:13:11', '2022-07-02 09:13:11'),
(352, 'Почаїв', '2022-07-02 09:13:11', '2022-07-02 09:13:11'),
(353, 'Ланівці', '2022-07-02 09:13:11', '2022-07-02 09:13:11'),
(354, 'Монастириська', '2022-07-02 09:13:11', '2022-07-02 09:13:11'),
(355, 'Скалат', '2022-07-02 09:13:11', '2022-07-02 09:13:11'),
(356, 'Підгайці', '2022-07-02 09:13:11', '2022-07-02 09:13:11'),
(357, 'Теребовля', '2022-07-02 09:13:11', '2022-07-02 09:13:11'),
(358, 'Шумськ', '2022-07-02 09:13:11', '2022-07-02 09:13:11'),
(359, 'Ізюм', '2022-07-02 09:13:11', '2022-07-02 09:13:11'),
(360, 'Куп\'янськ', '2022-07-02 09:13:11', '2022-07-02 09:13:11'),
(361, 'Лозова', '2022-07-02 09:13:11', '2022-07-02 09:13:11'),
(362, 'Люботин', '2022-07-02 09:13:11', '2022-07-02 09:13:11'),
(363, 'Первомайський', '2022-07-02 09:13:11', '2022-07-02 09:13:11'),
(364, 'Чугуїв', '2022-07-02 09:13:11', '2022-07-02 09:13:11'),
(365, 'Балаклія', '2022-07-02 09:13:11', '2022-07-02 09:13:11'),
(366, 'Барвінкове', '2022-07-02 09:13:11', '2022-07-02 09:13:11'),
(367, 'Богодухів', '2022-07-02 09:13:11', '2022-07-02 09:13:11'),
(368, 'Валки', '2022-07-02 09:13:11', '2022-07-02 09:13:11'),
(369, 'Вовчанськ', '2022-07-02 09:13:11', '2022-07-02 09:13:11'),
(370, 'Зміїв', '2022-07-02 09:13:11', '2022-07-02 09:13:11'),
(371, 'Дергачі', '2022-07-02 09:13:11', '2022-07-02 09:13:11'),
(372, 'Красноград', '2022-07-02 09:13:11', '2022-07-02 09:13:11'),
(373, 'Мерефа', '2022-07-02 09:13:11', '2022-07-02 09:13:11'),
(374, 'Південне', '2022-07-02 09:13:11', '2022-07-02 09:13:11'),
(375, 'Гола пристань', '2022-07-02 09:13:11', '2022-07-02 09:13:11'),
(376, 'Каховка', '2022-07-02 09:13:11', '2022-07-02 09:13:11'),
(377, 'Нова каховка', '2022-07-02 09:13:11', '2022-07-02 09:13:11'),
(378, 'Таврійськ', '2022-07-02 09:13:11', '2022-07-02 09:13:11'),
(379, 'Берислав', '2022-07-02 09:13:11', '2022-07-02 09:13:11'),
(380, 'Генічеськ', '2022-07-02 09:13:11', '2022-07-02 09:13:11'),
(381, 'Скадовськ', '2022-07-02 09:13:11', '2022-07-02 09:13:11'),
(382, 'Олешки', '2022-07-02 09:13:11', '2022-07-02 09:13:11'),
(383, 'Хмельницький', '2022-07-02 09:13:11', '2022-07-02 09:13:11'),
(384, 'Кам\'янець-подільський', '2022-07-02 09:13:11', '2022-07-02 09:13:11'),
(385, 'Нетішин', '2022-07-02 09:13:11', '2022-07-02 09:13:11'),
(386, 'Славута', '2022-07-02 09:13:11', '2022-07-02 09:13:11'),
(387, 'Шепетівка', '2022-07-02 09:13:11', '2022-07-02 09:13:11'),
(388, 'Старокостянтинів', '2022-07-02 09:13:11', '2022-07-02 09:13:11'),
(389, 'Волочиськ', '2022-07-02 09:13:11', '2022-07-02 09:13:11'),
(390, 'Городок', '2022-07-02 09:13:11', '2022-07-02 09:13:11'),
(391, 'Деражня', '2022-07-02 09:13:11', '2022-07-02 09:13:11'),
(392, 'Дунаївці', '2022-07-02 09:13:11', '2022-07-02 09:13:11'),
(393, 'Ізяслав', '2022-07-02 09:13:11', '2022-07-02 09:13:11'),
(394, 'Красилів', '2022-07-02 09:13:11', '2022-07-02 09:13:11'),
(395, 'Полонне', '2022-07-02 09:13:11', '2022-07-02 09:13:11'),
(396, 'Ватутіне', '2022-07-02 09:13:11', '2022-07-02 09:13:11'),
(397, 'Канів', '2022-07-02 09:13:11', '2022-07-02 09:13:11'),
(398, 'Золотоноша', '2022-07-02 09:13:11', '2022-07-02 09:13:11'),
(399, 'Сміла', '2022-07-02 09:13:11', '2022-07-02 09:13:11'),
(400, 'Умань', '2022-07-02 09:13:11', '2022-07-02 09:13:11'),
(401, 'Городище', '2022-07-02 09:13:11', '2022-07-02 09:13:11'),
(402, 'Жашків', '2022-07-02 09:13:11', '2022-07-02 09:13:11'),
(403, 'Звенигородка', '2022-07-02 09:13:11', '2022-07-02 09:13:11'),
(404, 'Кам\'янка', '2022-07-02 09:13:11', '2022-07-02 09:13:11'),
(405, 'Корсунь-шевченківський', '2022-07-02 09:13:11', '2022-07-02 09:13:11'),
(406, 'Монастирище', '2022-07-02 09:13:11', '2022-07-02 09:13:11'),
(407, 'Тальне', '2022-07-02 09:13:11', '2022-07-02 09:13:11'),
(408, 'Христинівка', '2022-07-02 09:13:11', '2022-07-02 09:13:11'),
(409, 'Чигирин', '2022-07-02 09:13:11', '2022-07-02 09:13:11'),
(410, 'Шпола', '2022-07-02 09:13:11', '2022-07-02 09:13:11'),
(411, 'Чернівці', '2022-07-02 09:13:11', '2022-07-02 09:13:11'),
(412, 'Новодністровськ', '2022-07-02 09:13:11', '2022-07-02 09:13:11'),
(413, 'Вижниця', '2022-07-02 09:13:11', '2022-07-02 09:13:11'),
(414, 'Вашківці', '2022-07-02 09:13:11', '2022-07-02 09:13:11'),
(415, 'Герца', '2022-07-02 09:13:11', '2022-07-02 09:13:11'),
(416, 'Заставна', '2022-07-02 09:13:11', '2022-07-02 09:13:11'),
(417, 'Кіцмань', '2022-07-02 09:13:11', '2022-07-02 09:13:11'),
(418, 'Новоселиця', '2022-07-02 09:13:11', '2022-07-02 09:13:11'),
(419, 'Сокиряни', '2022-07-02 09:13:11', '2022-07-02 09:13:11'),
(420, 'Сторожинець', '2022-07-02 09:13:11', '2022-07-02 09:13:11'),
(421, 'Хотин', '2022-07-02 09:13:11', '2022-07-02 09:13:11'),
(422, 'Ніжин', '2022-07-02 09:13:11', '2022-07-02 09:13:11'),
(423, 'Новгород-сіверський', '2022-07-02 09:13:11', '2022-07-02 09:13:11'),
(424, 'Прилуки', '2022-07-02 09:13:11', '2022-07-02 09:13:11'),
(425, 'Бахмач', '2022-07-02 09:13:11', '2022-07-02 09:13:11'),
(426, 'Батурин', '2022-07-02 09:13:11', '2022-07-02 09:13:11'),
(427, 'Бобровиця', '2022-07-02 09:13:11', '2022-07-02 09:13:11'),
(428, 'Борзна', '2022-07-02 09:13:11', '2022-07-02 09:13:11'),
(429, 'Городня', '2022-07-02 09:13:11', '2022-07-02 09:13:11'),
(430, 'Ічня', '2022-07-02 09:13:11', '2022-07-02 09:13:11'),
(431, 'Остер', '2022-07-02 09:13:11', '2022-07-02 09:13:11'),
(432, 'Корюківка', '2022-07-02 09:13:11', '2022-07-02 09:13:11'),
(433, 'Мена', '2022-07-02 09:13:11', '2022-07-02 09:13:11'),
(434, 'Носівка', '2022-07-02 09:13:11', '2022-07-02 09:13:11'),
(435, 'Семенівка', '2022-07-02 09:13:11', '2022-07-02 09:13:11'),
(436, 'Сновськ', '2022-07-02 09:13:11', '2022-07-02 09:13:11'),
(437, 'Інкерман', '2022-07-02 09:13:11', '2022-07-02 09:13:11'),
(438, 'q', '2022-07-02 09:40:59', '2022-07-02 09:40:59'),
(439, 'Львів', '2022-07-06 15:15:57', '2022-07-06 15:15:57'),
(440, 'Київ', '2022-07-06 15:16:03', '2022-07-06 15:16:03'),
(441, 'Одеса', '2022-07-06 15:16:08', '2022-07-06 15:16:08');

-- --------------------------------------------------------

--
-- Структура таблицы `comments`
--

CREATE TABLE `comments` (
  `id` bigint(20) UNSIGNED NOT NULL,
  `text` text COLLATE utf8mb4_unicode_ci NOT NULL,
  `rate` int(11) NOT NULL DEFAULT '3',
  `status` int(11) NOT NULL DEFAULT '1',
  `apartment_id` int(11) NOT NULL,
  `user_id` int(11) NOT NULL,
  `created_at` timestamp NULL DEFAULT NULL,
  `updated_at` timestamp NULL DEFAULT NULL
) ENGINE=InnoDB DEFAULT CHARSET=utf8mb4 COLLATE=utf8mb4_unicode_ci;

--
-- Дамп данных таблицы `comments`
--

INSERT INTO `comments` (`id`, `text`, `rate`, `status`, `apartment_id`, `user_id`, `created_at`, `updated_at`) VALUES
(68, 'Чудовий Готель. Дуже зручний. Смачна кухня. Привітливий персонал.', 5, 1, 15, 36, '2022-07-17 05:29:59', '2022-07-17 05:29:59'),
(69, 'В номері тепло, зручне розташування не далеко від кільцевої, смачна кухня, баня.', 3, 1, 17, 36, '2022-07-17 05:30:31', '2022-07-17 05:30:31'),
(70, 'Привітний персонал, смачна кухня, сніданок на узгоджену годину.', 4, 1, 18, 36, '2022-07-17 05:30:50', '2022-07-17 05:31:54');

-- --------------------------------------------------------

--
-- Структура таблицы `distances`
--

CREATE TABLE `distances` (
  `id` bigint(20) UNSIGNED NOT NULL,
  `title` varchar(255) COLLATE utf8mb4_unicode_ci NOT NULL,
  `created_at` timestamp NULL DEFAULT NULL,
  `updated_at` timestamp NULL DEFAULT NULL
) ENGINE=InnoDB DEFAULT CHARSET=utf8mb4 COLLATE=utf8mb4_unicode_ci;

--
-- Дамп данных таблицы `distances`
--

INSERT INTO `distances` (`id`, `title`, `created_at`, `updated_at`) VALUES
(2, '1000', '2022-07-02 09:08:38', '2022-07-02 09:11:52'),
(3, '500', '2022-07-02 09:12:25', '2022-07-02 09:12:25'),
(4, '1500', '2022-07-06 15:16:34', '2022-07-06 15:16:34'),
(6, '2500', '2022-07-06 15:16:41', '2022-07-06 15:16:41');

-- --------------------------------------------------------

--
-- Структура таблицы `failed_jobs`
--

CREATE TABLE `failed_jobs` (
  `id` bigint(20) UNSIGNED NOT NULL,
  `uuid` varchar(255) COLLATE utf8mb4_unicode_ci NOT NULL,
  `connection` text COLLATE utf8mb4_unicode_ci NOT NULL,
  `queue` text COLLATE utf8mb4_unicode_ci NOT NULL,
  `payload` longtext COLLATE utf8mb4_unicode_ci NOT NULL,
  `exception` longtext COLLATE utf8mb4_unicode_ci NOT NULL,
  `failed_at` timestamp NOT NULL DEFAULT CURRENT_TIMESTAMP
) ENGINE=InnoDB DEFAULT CHARSET=utf8mb4 COLLATE=utf8mb4_unicode_ci;

-- --------------------------------------------------------

--
-- Структура таблицы `features`
--

CREATE TABLE `features` (
  `id` bigint(20) UNSIGNED NOT NULL,
  `title` varchar(255) COLLATE utf8mb4_unicode_ci NOT NULL,
  `created_at` timestamp NULL DEFAULT NULL,
  `updated_at` timestamp NULL DEFAULT NULL,
  `user_id` int(11) NOT NULL
) ENGINE=InnoDB DEFAULT CHARSET=utf8mb4 COLLATE=utf8mb4_unicode_ci;

--
-- Дамп данных таблицы `features`
--

INSERT INTO `features` (`id`, `title`, `created_at`, `updated_at`, `user_id`) VALUES
(25, 'Кавоварка', '2022-07-02 15:57:26', '2022-07-02 15:57:26', 0),
(26, 'Фен для волосся', '2022-07-02 15:57:32', '2022-07-02 15:57:32', 0),
(27, 'Безкоштовний Wi-Fi', '2022-07-02 15:57:42', '2022-07-02 15:57:42', 0),
(28, 'Гаряча вода', '2022-07-02 15:57:49', '2022-07-02 15:57:49', 0),
(30, 'Кондиціонер', '2022-07-02 15:58:07', '2022-07-02 15:58:07', 0),
(31, 'Обігрівач', '2022-07-02 15:58:15', '2022-07-02 15:58:15', 0),
(33, 'Обслуговування номера', '2022-07-02 15:58:57', '2022-07-02 15:58:57', 0),
(36, 'Номери для некурців', '2022-07-14 17:20:53', '2022-07-14 17:20:53', 11),
(37, 'Ресторан', '2022-07-14 17:21:00', '2022-07-14 17:21:00', 11),
(38, 'Автостоянка', '2022-07-14 17:21:07', '2022-07-14 17:21:07', 11),
(39, 'Допускається розміщення з домашніми тваринами', '2022-07-14 17:21:13', '2022-07-14 17:21:13', 11),
(40, 'Басейн', '2022-07-14 17:21:20', '2022-07-14 17:21:20', 11),
(41, 'Номери/зручності для осіб з обмеженими фізичними можливостями', '2022-07-14 17:21:30', '2022-07-14 17:21:30', 11),
(42, 'Доставка їжі та напоїв у номер', '2022-07-17 04:23:36', '2022-07-17 04:23:36', 11),
(43, 'Станція заряджання електромобілів', '2022-07-17 04:23:56', '2022-07-17 04:23:56', 11),
(44, 'Сімейні номери', '2022-07-17 04:24:15', '2022-07-17 04:24:15', 11);

-- --------------------------------------------------------

--
-- Структура таблицы `leisure_activities`
--

CREATE TABLE `leisure_activities` (
  `id` bigint(20) UNSIGNED NOT NULL,
  `title` varchar(255) COLLATE utf8mb4_unicode_ci NOT NULL,
  `created_at` timestamp NULL DEFAULT NULL,
  `updated_at` timestamp NULL DEFAULT NULL,
  `image` varchar(255) COLLATE utf8mb4_unicode_ci DEFAULT NULL,
  `user_id` int(11) NOT NULL
) ENGINE=InnoDB DEFAULT CHARSET=utf8mb4 COLLATE=utf8mb4_unicode_ci;

--
-- Дамп данных таблицы `leisure_activities`
--

INSERT INTO `leisure_activities` (`id`, `title`, `created_at`, `updated_at`, `image`, `user_id`) VALUES
(4, 'Тренажерний зал', '2022-07-02 15:27:19', '2022-07-11 13:06:47', 'iEWGTUdWae.png', 0),
(5, 'Пляж', '2022-07-02 15:27:33', '2022-07-11 12:50:28', 'Yte11JnKL0.png', 0),
(6, 'Турецька баня', '2022-07-02 15:27:43', '2022-07-11 12:50:37', 'EkOPbj2h1E.png', 0),
(7, 'Активності', '2022-07-02 15:27:56', '2022-07-11 12:50:54', 'EkYJww4V5k.png', 0),
(8, 'Басейн', '2022-07-02 15:28:03', '2022-07-11 12:51:01', 'G2pWKjuWW6.png', 0),
(11, 'Дитячий майданчик', '2022-07-14 17:22:09', '2022-07-14 17:22:09', 'PdlvkWpjGt.png', 11),
(12, 'Масаж', '2022-07-14 17:22:19', '2022-07-14 17:22:19', 'jM62gqUsmu.png', 11),
(13, 'Приватна пляжна зона', '2022-07-14 17:22:29', '2022-07-14 17:22:29', 'qCAKmdix0W.png', 11);

-- --------------------------------------------------------

--
-- Структура таблицы `managers`
--

CREATE TABLE `managers` (
  `id` bigint(20) UNSIGNED NOT NULL,
  `first_name` varchar(255) COLLATE utf8mb4_unicode_ci NOT NULL,
  `last_name` varchar(255) COLLATE utf8mb4_unicode_ci NOT NULL,
  `gender` varchar(255) COLLATE utf8mb4_unicode_ci NOT NULL,
  `phone` varchar(255) COLLATE utf8mb4_unicode_ci NOT NULL,
  `email` varchar(255) COLLATE utf8mb4_unicode_ci NOT NULL,
  `created_at` timestamp NULL DEFAULT NULL,
  `updated_at` timestamp NULL DEFAULT NULL,
  `user_id` int(11) NOT NULL
) ENGINE=InnoDB DEFAULT CHARSET=utf8mb4 COLLATE=utf8mb4_unicode_ci;

--
-- Дамп данных таблицы `managers`
--

INSERT INTO `managers` (`id`, `first_name`, `last_name`, `gender`, `phone`, `email`, `created_at`, `updated_at`, `user_id`) VALUES
(1, 'Олександр', 'Іваха', 'Чоловік', '+380982026895', 'alexivakha.booking@gmail.com', '2022-07-02 10:11:18', '2022-07-17 04:22:25', 0),
(3, 'Анастасія', 'Креміна', 'Жінка', '+380980213645', 'anastasia.kremina@gmail.com', '2022-07-04 16:10:15', '2022-07-06 15:13:38', 0),
(6, 'Юліан', 'Мотричко', 'Чоловік', '+380981456326', 'yulian.motrichko@gmail.com', '2022-07-17 04:37:58', '2022-07-17 04:37:58', 11),
(7, 'Йошка', 'Якимченко', 'Чоловік', '+380984562358', 'yoshka.yakimchenko@gmail.com', '2022-07-17 04:38:26', '2022-07-17 04:38:26', 11),
(8, 'Жанна', 'Устиянович', 'Жінка', '+380634578965', 'janna.ustianovich@gmail.com', '2022-07-17 04:39:17', '2022-07-17 04:39:17', 11),
(9, 'Діана', 'Лопатинська', 'Жінка', '+380982456315', 'diana.lopatinska@gmail.com', '2022-07-17 04:39:49', '2022-07-17 04:39:49', 11);

-- --------------------------------------------------------

--
-- Структура таблицы `meals`
--

CREATE TABLE `meals` (
  `id` bigint(20) UNSIGNED NOT NULL,
  `title` varchar(255) COLLATE utf8mb4_unicode_ci NOT NULL,
  `created_at` timestamp NULL DEFAULT NULL,
  `updated_at` timestamp NULL DEFAULT NULL,
  `user_id` int(11) NOT NULL
) ENGINE=InnoDB DEFAULT CHARSET=utf8mb4 COLLATE=utf8mb4_unicode_ci;

--
-- Дамп данных таблицы `meals`
--

INSERT INTO `meals` (`id`, `title`, `created_at`, `updated_at`, `user_id`) VALUES
(1, 'Безкоштовні сніданки', '2022-07-02 15:04:22', '2022-07-02 15:06:51', 0),
(3, 'Безкоштовні обіди', '2022-07-02 15:07:11', '2022-07-02 15:07:11', 0),
(4, 'Безкоштовна вечеря', '2022-07-06 15:17:29', '2022-07-06 15:17:29', 0),
(11, 'Трьохразове харчування', '2022-07-14 17:18:05', '2022-07-14 17:18:05', 11),
(12, 'Власна кухня', '2022-07-14 17:18:16', '2022-07-14 17:18:16', 11);

-- --------------------------------------------------------

--
-- Структура таблицы `migrations`
--

CREATE TABLE `migrations` (
  `id` int(10) UNSIGNED NOT NULL,
  `migration` varchar(255) COLLATE utf8mb4_unicode_ci NOT NULL,
  `batch` int(11) NOT NULL
) ENGINE=InnoDB DEFAULT CHARSET=utf8mb4 COLLATE=utf8mb4_unicode_ci;

--
-- Дамп данных таблицы `migrations`
--

INSERT INTO `migrations` (`id`, `migration`, `batch`) VALUES
(1, '2014_10_12_000000_create_users_table', 1),
(2, '2014_10_12_100000_create_password_resets_table', 1),
(3, '2019_08_19_000000_create_failed_jobs_table', 1),
(4, '2019_12_14_000001_create_personal_access_tokens_table', 1),
(5, '2022_07_02_044144_create_features_table', 2),
(6, '2022_07_02_101759_create_cities_table', 3),
(7, '2022_07_02_115436_create_distances_table', 4),
(8, '2022_07_02_122627_create_managers_table', 5),
(9, '2022_07_02_141218_create_apartment_types_table', 6),
(10, '2022_07_02_175130_create_meals_table', 7),
(11, '2022_07_02_181301_create_leisure_activities_table', 8),
(12, '2022_07_02_184308_add_image_to_leisure_activities_table', 9),
(13, '2022_07_02_185154_drop_image_in_features_table', 10),
(14, '2022_07_02_204501_create_room_types_table', 11),
(15, '2022_07_02_210158_drop_room_types_table', 12),
(16, '2022_07_02_210400_create_bed_types_table', 13),
(17, '2022_07_03_063303_create_rooms_table', 14),
(18, '2022_07_03_070302_create_room_features_table', 15),
(19, '2022_07_03_070858_create_room_bed_types_table', 16),
(20, '2022_07_03_075109_drop_apartment_id_from_rooms_table', 17),
(21, '2022_07_03_083148_add_slug_to_rooms_table', 18),
(22, '2022_07_03_084527_drop_date_range_from_rooms_table', 19),
(23, '2022_07_03_084619_add_date_range_to_rooms_table', 19),
(24, '2022_07_03_095842_create_room_galleries_table', 20),
(25, '2022_07_03_111327_add_apartment_id_to_rooms_table', 21),
(26, '2022_07_03_125118_drop_apartment_id_coloumn_from_rooms_table', 22),
(27, '2022_07_03_125155_add_apartment_id_column_to_rooms_table', 23),
(28, '2022_07_04_174104_create_apartments_table', 24),
(29, '2022_07_04_174621_drop_gallery_from_rooms_table', 24),
(30, '2022_07_04_174854_create_apartment_galleries_table', 25),
(31, '2022_07_04_175421_create_apartment_meals_table', 26),
(32, '2022_07_04_175554_create_apartment_leisure_activities', 27),
(33, '2022_07_04_183257_add_distance_id_to_apartments_table', 28),
(34, '2022_07_04_183437_add_city_id_to_apartments_table', 28),
(35, '2022_07_04_192619_add_manager_id_to_apartments_table', 29),
(36, '2022_07_04_201537_add_type_id_to_apartments_table', 30),
(37, '2022_07_06_192926_add_price_to_rooms_table', 31),
(38, '2022_07_06_193943_create_bookings_table', 32),
(39, '2022_07_07_190836_drop_apartment_id_from_bookings', 33),
(40, '2022_07_07_190916_add_apartment_id_to_bookings', 34),
(41, '2022_07_08_174330_add_personal_info_to_users_table', 35),
(42, '2022_07_08_175815_drop_name_from_users_table', 36),
(43, '2022_07_09_060422_create_permission_tables', 37),
(44, '2022_07_09_094719_drop_status_from_bookings_table', 38),
(45, '2022_07_09_094752_add_status_to_bookings_table', 39),
(46, '2022_07_10_074834_create_comments_table', 40),
(47, '2022_07_12_113717_add_rooms_qnt_to_apartments_table', 41),
(48, '2022_07_13_163343_add_user_id_to_apartments_table', 42),
(49, '2022_07_14_094848_add_user_id_to_meals_table', 43),
(50, '2022_07_14_100753_add_user_id_to_leisure_activities_table', 44),
(51, '2022_07_14_111036_add_user_id_to_apartment_types_table', 45),
(52, '2022_07_14_111211_add_user_id_to_bed_types_table', 45),
(53, '2022_07_14_111259_add_user_id_to_features_table', 45),
(54, '2022_07_14_170013_add_user_id_to_managers_table', 46),
(55, '2022_07_14_171659_add_user_id_to_rooms_table', 47),
(56, '2022_07_14_200633_add_members_to_rooms_table', 48);

-- --------------------------------------------------------

--
-- Структура таблицы `model_has_permissions`
--

CREATE TABLE `model_has_permissions` (
  `permission_id` bigint(20) UNSIGNED NOT NULL,
  `model_type` varchar(255) COLLATE utf8mb4_unicode_ci NOT NULL,
  `model_id` bigint(20) UNSIGNED NOT NULL
) ENGINE=InnoDB DEFAULT CHARSET=utf8mb4 COLLATE=utf8mb4_unicode_ci;

-- --------------------------------------------------------

--
-- Структура таблицы `model_has_roles`
--

CREATE TABLE `model_has_roles` (
  `role_id` bigint(20) UNSIGNED NOT NULL,
  `model_type` varchar(255) COLLATE utf8mb4_unicode_ci NOT NULL,
  `model_id` bigint(20) UNSIGNED NOT NULL
) ENGINE=InnoDB DEFAULT CHARSET=utf8mb4 COLLATE=utf8mb4_unicode_ci;

--
-- Дамп данных таблицы `model_has_roles`
--

INSERT INTO `model_has_roles` (`role_id`, `model_type`, `model_id`) VALUES
(2, 'App\\Models\\User', 3),
(1, 'App\\Models\\User', 11),
(2, 'App\\Models\\User', 13),
(2, 'App\\Models\\User', 14),
(2, 'App\\Models\\User', 16),
(2, 'App\\Models\\User', 17),
(2, 'App\\Models\\User', 18),
(2, 'App\\Models\\User', 19),
(2, 'App\\Models\\User', 20),
(2, 'App\\Models\\User', 21),
(2, 'App\\Models\\User', 22),
(2, 'App\\Models\\User', 23),
(2, 'App\\Models\\User', 24),
(2, 'App\\Models\\User', 25),
(2, 'App\\Models\\User', 28),
(2, 'App\\Models\\User', 29),
(3, 'App\\Models\\User', 29),
(2, 'App\\Models\\User', 30),
(2, 'App\\Models\\User', 31),
(3, 'App\\Models\\User', 31),
(3, 'App\\Models\\User', 33),
(2, 'App\\Models\\User', 34),
(2, 'App\\Models\\User', 35),
(2, 'App\\Models\\User', 36),
(3, 'App\\Models\\User', 37);

-- --------------------------------------------------------

--
-- Структура таблицы `password_resets`
--

CREATE TABLE `password_resets` (
  `email` varchar(255) COLLATE utf8mb4_unicode_ci NOT NULL,
  `token` varchar(255) COLLATE utf8mb4_unicode_ci NOT NULL,
  `created_at` timestamp NULL DEFAULT NULL
) ENGINE=InnoDB DEFAULT CHARSET=utf8mb4 COLLATE=utf8mb4_unicode_ci;

-- --------------------------------------------------------

--
-- Структура таблицы `permissions`
--

CREATE TABLE `permissions` (
  `id` bigint(20) UNSIGNED NOT NULL,
  `name` varchar(255) COLLATE utf8mb4_unicode_ci NOT NULL,
  `guard_name` varchar(255) COLLATE utf8mb4_unicode_ci NOT NULL,
  `created_at` timestamp NULL DEFAULT NULL,
  `updated_at` timestamp NULL DEFAULT NULL
) ENGINE=InnoDB DEFAULT CHARSET=utf8mb4 COLLATE=utf8mb4_unicode_ci;

--
-- Дамп данных таблицы `permissions`
--

INSERT INTO `permissions` (`id`, `name`, `guard_name`, `created_at`, `updated_at`) VALUES
(1, 'can book', 'web', '2022-07-09 04:12:32', '2022-07-09 04:12:32'),
(2, 'can advertise', 'web', '2022-07-09 04:12:32', '2022-07-09 04:12:32');

-- --------------------------------------------------------

--
-- Структура таблицы `personal_access_tokens`
--

CREATE TABLE `personal_access_tokens` (
  `id` bigint(20) UNSIGNED NOT NULL,
  `tokenable_type` varchar(255) COLLATE utf8mb4_unicode_ci NOT NULL,
  `tokenable_id` bigint(20) UNSIGNED NOT NULL,
  `name` varchar(255) COLLATE utf8mb4_unicode_ci NOT NULL,
  `token` varchar(64) COLLATE utf8mb4_unicode_ci NOT NULL,
  `abilities` text COLLATE utf8mb4_unicode_ci,
  `last_used_at` timestamp NULL DEFAULT NULL,
  `created_at` timestamp NULL DEFAULT NULL,
  `updated_at` timestamp NULL DEFAULT NULL
) ENGINE=InnoDB DEFAULT CHARSET=utf8mb4 COLLATE=utf8mb4_unicode_ci;

--
-- Дамп данных таблицы `personal_access_tokens`
--

INSERT INTO `personal_access_tokens` (`id`, `tokenable_type`, `tokenable_id`, `name`, `token`, `abilities`, `last_used_at`, `created_at`, `updated_at`) VALUES
(3, 'App\\Models\\User', 11, 'auth_token', '2bfce22b447b993d867d325d0ebb9a67c2d7da6ab72fa9bf2890ee05f29bc9d0', '[\"*\"]', NULL, '2022-07-12 00:22:29', '2022-07-12 00:22:29'),
(4, 'App\\Models\\User', 11, 'auth_token', '53c70a7a2b6862e5cc19c10f741c94373d87c019ea3f5de3dd2c19f8e59e114c', '[\"*\"]', '2022-07-12 01:09:38', '2022-07-12 00:26:42', '2022-07-12 01:09:38'),
(5, 'App\\Models\\User', 11, 'auth_token', '4ddf67d1dcbde560afad79c09615ded453a35180c4ffb6114e4b6ab16899804a', '[\"*\"]', NULL, '2022-07-12 01:36:55', '2022-07-12 01:36:55'),
(6, 'App\\Models\\User', 11, 'auth_token', '0339fddbb36bb1f95fd4ca972100cbe8caf59dace265c244332bfa23f3285efa', '[\"*\"]', NULL, '2022-07-12 01:44:38', '2022-07-12 01:44:38'),
(7, 'App\\Models\\User', 26, 'auth_token', '1482fafc402fec9e197a2aa7d2606fcbae47e40f21da0093ff7e368dda65ada8', '[\"*\"]', NULL, '2022-07-12 02:10:54', '2022-07-12 02:10:54'),
(8, 'App\\Models\\User', 27, 'auth_token', '3f2f404a42add629576bd1554746586873816753b7178c0f3e62b2f792499b4d', '[\"*\"]', NULL, '2022-07-12 02:12:17', '2022-07-12 02:12:17'),
(9, 'App\\Models\\User', 11, 'auth_token', '8c0dee9b77825895f0406250d12e36d76212f9fb70c9fbe63be22f1d6a7a7b56', '[\"*\"]', NULL, '2022-07-12 04:19:45', '2022-07-12 04:19:45'),
(10, 'App\\Models\\User', 11, 'auth_token', '3e03b3827095cec2e830db1e61fa0e32f6daa4e4dd29ad284d6216edaa4b40a4', '[\"*\"]', NULL, '2022-07-12 05:48:42', '2022-07-12 05:48:42'),
(11, 'App\\Models\\User', 11, 'auth_token', 'a011dbdffd6f668fc1ec0a65d516fe7d42c0785287466697b9de84191469710c', '[\"*\"]', NULL, '2022-07-12 05:52:26', '2022-07-12 05:52:26'),
(12, 'App\\Models\\User', 11, 'auth_token', '2c19e835a0af83011ecae9849af90d5dbfb5f301bf30e974dc502b36e795f61f', '[\"*\"]', NULL, '2022-07-12 05:54:32', '2022-07-12 05:54:32');

-- --------------------------------------------------------

--
-- Структура таблицы `roles`
--

CREATE TABLE `roles` (
  `id` bigint(20) UNSIGNED NOT NULL,
  `name` varchar(255) COLLATE utf8mb4_unicode_ci NOT NULL,
  `guard_name` varchar(255) COLLATE utf8mb4_unicode_ci NOT NULL,
  `created_at` timestamp NULL DEFAULT NULL,
  `updated_at` timestamp NULL DEFAULT NULL
) ENGINE=InnoDB DEFAULT CHARSET=utf8mb4 COLLATE=utf8mb4_unicode_ci;

--
-- Дамп данных таблицы `roles`
--

INSERT INTO `roles` (`id`, `name`, `guard_name`, `created_at`, `updated_at`) VALUES
(1, 'super_user', 'web', '2022-07-09 03:20:15', '2022-07-09 03:20:15'),
(2, 'simple_user', 'web', '2022-07-09 03:49:16', '2022-07-09 03:49:16'),
(3, 'advance_user', 'web', '2022-07-13 11:19:03', '2022-07-13 11:19:16');

-- --------------------------------------------------------

--
-- Структура таблицы `role_has_permissions`
--

CREATE TABLE `role_has_permissions` (
  `permission_id` bigint(20) UNSIGNED NOT NULL,
  `role_id` bigint(20) UNSIGNED NOT NULL
) ENGINE=InnoDB DEFAULT CHARSET=utf8mb4 COLLATE=utf8mb4_unicode_ci;

--
-- Дамп данных таблицы `role_has_permissions`
--

INSERT INTO `role_has_permissions` (`permission_id`, `role_id`) VALUES
(1, 2),
(2, 3);

-- --------------------------------------------------------

--
-- Структура таблицы `rooms`
--

CREATE TABLE `rooms` (
  `id` bigint(20) UNSIGNED NOT NULL,
  `title` varchar(255) COLLATE utf8mb4_unicode_ci NOT NULL,
  `description` text COLLATE utf8mb4_unicode_ci NOT NULL,
  `preview_image` varchar(255) COLLATE utf8mb4_unicode_ci DEFAULT NULL,
  `created_at` timestamp NULL DEFAULT NULL,
  `updated_at` timestamp NULL DEFAULT NULL,
  `slug` varchar(255) COLLATE utf8mb4_unicode_ci NOT NULL,
  `date_from` varchar(255) COLLATE utf8mb4_unicode_ci NOT NULL,
  `date_to` varchar(255) COLLATE utf8mb4_unicode_ci NOT NULL,
  `apartment_id` int(11) NOT NULL,
  `price` double(8,2) NOT NULL,
  `user_id` int(11) NOT NULL,
  `members` int(11) NOT NULL
) ENGINE=InnoDB DEFAULT CHARSET=utf8mb4 COLLATE=utf8mb4_unicode_ci;

--
-- Дамп данных таблицы `rooms`
--

INSERT INTO `rooms` (`id`, `title`, `description`, `preview_image`, `created_at`, `updated_at`, `slug`, `date_from`, `date_to`, `apartment_id`, `price`, `user_id`, `members`) VALUES
(73, 'Номер Делюкс з ліжком розміру \"king-size\"', '<p><span style=\"color: #212529; font-family: system-ui, -apple-system, \'Segoe UI\', Roboto, \'Helvetica Neue\', Arial, \'Noto Sans\', \'Liberation Sans\', sans-serif, \'Apple Color Emoji\', \'Segoe UI Emoji\', \'Segoe UI Symbol\', \'Noto Color Emoji\'; font-size: 16px; background-color: #ffffff;\">Текст заповнення Lorem ipum використовується графічними дизайнерами, програмістами та друкарями з метою зайняття простору веб -сайту, рекламного продукту чи редакційного виробництва, остаточний текст якого ще не готовий.</span></p>\r\n<p style=\"box-sizing: border-box; margin-top: 0px; margin-bottom: 1rem; color: #212529; font-family: system-ui, -apple-system, \'Segoe UI\', Roboto, \'Helvetica Neue\', Arial, \'Noto Sans\', \'Liberation Sans\', sans-serif, \'Apple Color Emoji\', \'Segoe UI Emoji\', \'Segoe UI Symbol\', \'Noto Color Emoji\'; font-size: 16px; background-color: #ffffff;\">&nbsp;</p>\r\n<p style=\"box-sizing: border-box; margin-top: 0px; margin-bottom: 1rem; color: #212529; font-family: system-ui, -apple-system, \'Segoe UI\', Roboto, \'Helvetica Neue\', Arial, \'Noto Sans\', \'Liberation Sans\', sans-serif, \'Apple Color Emoji\', \'Segoe UI Emoji\', \'Segoe UI Symbol\', \'Noto Color Emoji\'; font-size: 16px; background-color: #ffffff;\">Це допомагає отримати уявлення про готовий продукт, який незабаром буде надрукований або розповсюджений за допомогою цифрових каналів.</p>\r\n<p style=\"box-sizing: border-box; margin-top: 0px; margin-bottom: 1rem; color: #212529; font-family: system-ui, -apple-system, \'Segoe UI\', Roboto, \'Helvetica Neue\', Arial, \'Noto Sans\', \'Liberation Sans\', sans-serif, \'Apple Color Emoji\', \'Segoe UI Emoji\', \'Segoe UI Symbol\', \'Noto Color Emoji\'; font-size: 16px; background-color: #ffffff;\">Для того, щоб отримати результат, який більше відповідає кінцевому результату, графічні дизайнери, дизайнери або типографки повідомляють текст Lorem ipsum стосовно двох основних аспектів, а саме читабельності та редакційних вимог.</p>', 'u8equm3Sp0.jpg', '2022-07-17 05:00:14', '2022-07-17 05:00:14', 'nomer-delyuks-z-lizhkom-rozmiru-king-size', '17-07-2022', '17-07-2032', 18, 3000.00, 11, 5),
(74, 'Двомісний номер Делюкс з душем', '<p><span style=\"color: #212529; font-family: system-ui, -apple-system, \'Segoe UI\', Roboto, \'Helvetica Neue\', Arial, \'Noto Sans\', \'Liberation Sans\', sans-serif, \'Apple Color Emoji\', \'Segoe UI Emoji\', \'Segoe UI Symbol\', \'Noto Color Emoji\'; font-size: 16px; background-color: #ffffff;\">Текст заповнення Lorem ipum використовується графічними дизайнерами, програмістами та друкарями з метою зайняття простору веб -сайту, рекламного продукту чи редакційного виробництва, остаточний текст якого ще не готовий.</span></p>\r\n<p style=\"box-sizing: border-box; margin-top: 0px; margin-bottom: 1rem; color: #212529; font-family: system-ui, -apple-system, \'Segoe UI\', Roboto, \'Helvetica Neue\', Arial, \'Noto Sans\', \'Liberation Sans\', sans-serif, \'Apple Color Emoji\', \'Segoe UI Emoji\', \'Segoe UI Symbol\', \'Noto Color Emoji\'; font-size: 16px; background-color: #ffffff;\">&nbsp;</p>\r\n<p style=\"box-sizing: border-box; margin-top: 0px; margin-bottom: 1rem; color: #212529; font-family: system-ui, -apple-system, \'Segoe UI\', Roboto, \'Helvetica Neue\', Arial, \'Noto Sans\', \'Liberation Sans\', sans-serif, \'Apple Color Emoji\', \'Segoe UI Emoji\', \'Segoe UI Symbol\', \'Noto Color Emoji\'; font-size: 16px; background-color: #ffffff;\">Це допомагає отримати уявлення про готовий продукт, який незабаром буде надрукований або розповсюджений за допомогою цифрових каналів.</p>\r\n<p style=\"box-sizing: border-box; margin-top: 0px; margin-bottom: 1rem; color: #212529; font-family: system-ui, -apple-system, \'Segoe UI\', Roboto, \'Helvetica Neue\', Arial, \'Noto Sans\', \'Liberation Sans\', sans-serif, \'Apple Color Emoji\', \'Segoe UI Emoji\', \'Segoe UI Symbol\', \'Noto Color Emoji\'; font-size: 16px; background-color: #ffffff;\">Для того, щоб отримати результат, який більше відповідає кінцевому результату, графічні дизайнери, дизайнери або типографки повідомляють текст Lorem ipsum стосовно двох основних аспектів, а саме читабельності та редакційних вимог.</p>', 'Anv7gNUtC7.jpg', '2022-07-17 05:02:29', '2022-07-17 05:02:29', 'dvomisniy-nomer-delyuks-z-dushem', '17-07-2022', '17-07-2032', 18, 1200.00, 11, 3),
(75, 'Чотиримісний номер з балконом', '<p><span style=\"color: #212529; font-family: system-ui, -apple-system, \'Segoe UI\', Roboto, \'Helvetica Neue\', Arial, \'Noto Sans\', \'Liberation Sans\', sans-serif, \'Apple Color Emoji\', \'Segoe UI Emoji\', \'Segoe UI Symbol\', \'Noto Color Emoji\'; font-size: 16px; background-color: #ffffff;\">Текст заповнення Lorem ipum використовується графічними дизайнерами, програмістами та друкарями з метою зайняття простору веб -сайту, рекламного продукту чи редакційного виробництва, остаточний текст якого ще не готовий.</span></p>\r\n<p style=\"box-sizing: border-box; margin-top: 0px; margin-bottom: 1rem; color: #212529; font-family: system-ui, -apple-system, \'Segoe UI\', Roboto, \'Helvetica Neue\', Arial, \'Noto Sans\', \'Liberation Sans\', sans-serif, \'Apple Color Emoji\', \'Segoe UI Emoji\', \'Segoe UI Symbol\', \'Noto Color Emoji\'; font-size: 16px; background-color: #ffffff;\">&nbsp;</p>\r\n<p style=\"box-sizing: border-box; margin-top: 0px; margin-bottom: 1rem; color: #212529; font-family: system-ui, -apple-system, \'Segoe UI\', Roboto, \'Helvetica Neue\', Arial, \'Noto Sans\', \'Liberation Sans\', sans-serif, \'Apple Color Emoji\', \'Segoe UI Emoji\', \'Segoe UI Symbol\', \'Noto Color Emoji\'; font-size: 16px; background-color: #ffffff;\">Це допомагає отримати уявлення про готовий продукт, який незабаром буде надрукований або розповсюджений за допомогою цифрових каналів.</p>\r\n<p style=\"box-sizing: border-box; margin-top: 0px; margin-bottom: 1rem; color: #212529; font-family: system-ui, -apple-system, \'Segoe UI\', Roboto, \'Helvetica Neue\', Arial, \'Noto Sans\', \'Liberation Sans\', sans-serif, \'Apple Color Emoji\', \'Segoe UI Emoji\', \'Segoe UI Symbol\', \'Noto Color Emoji\'; font-size: 16px; background-color: #ffffff;\">Для того, щоб отримати результат, який більше відповідає кінцевому результату, графічні дизайнери, дизайнери або типографки повідомляють текст Lorem ipsum стосовно двох основних аспектів, а саме читабельності та редакційних вимог.</p>', 'tCxw6x8WRl.jpg', '2022-07-17 05:05:27', '2022-07-17 05:05:27', 'chotirimisniy-nomer-z-balkonom', '17-07-2022', '17-07-2032', 18, 1400.00, 11, 4),
(76, 'Deluxe Standart', '<p><span style=\"color: #212529; font-family: system-ui, -apple-system, \'Segoe UI\', Roboto, \'Helvetica Neue\', Arial, \'Noto Sans\', \'Liberation Sans\', sans-serif, \'Apple Color Emoji\', \'Segoe UI Emoji\', \'Segoe UI Symbol\', \'Noto Color Emoji\'; font-size: 16px; background-color: #ffffff;\">Текст заповнення Lorem ipum використовується графічними дизайнерами, програмістами та друкарями з метою зайняття простору веб -сайту, рекламного продукту чи редакційного виробництва, остаточний текст якого ще не готовий.</span></p>\r\n<p style=\"box-sizing: border-box; margin-top: 0px; margin-bottom: 1rem; color: #212529; font-family: system-ui, -apple-system, \'Segoe UI\', Roboto, \'Helvetica Neue\', Arial, \'Noto Sans\', \'Liberation Sans\', sans-serif, \'Apple Color Emoji\', \'Segoe UI Emoji\', \'Segoe UI Symbol\', \'Noto Color Emoji\'; font-size: 16px; background-color: #ffffff;\">&nbsp;</p>\r\n<p style=\"box-sizing: border-box; margin-top: 0px; margin-bottom: 1rem; color: #212529; font-family: system-ui, -apple-system, \'Segoe UI\', Roboto, \'Helvetica Neue\', Arial, \'Noto Sans\', \'Liberation Sans\', sans-serif, \'Apple Color Emoji\', \'Segoe UI Emoji\', \'Segoe UI Symbol\', \'Noto Color Emoji\'; font-size: 16px; background-color: #ffffff;\">Це допомагає отримати уявлення про готовий продукт, який незабаром буде надрукований або розповсюджений за допомогою цифрових каналів.</p>\r\n<p style=\"box-sizing: border-box; margin-top: 0px; margin-bottom: 1rem; color: #212529; font-family: system-ui, -apple-system, \'Segoe UI\', Roboto, \'Helvetica Neue\', Arial, \'Noto Sans\', \'Liberation Sans\', sans-serif, \'Apple Color Emoji\', \'Segoe UI Emoji\', \'Segoe UI Symbol\', \'Noto Color Emoji\'; font-size: 16px; background-color: #ffffff;\">Для того, щоб отримати результат, який більше відповідає кінцевому результату, графічні дизайнери, дизайнери або типографки повідомляють текст Lorem ipsum стосовно двох основних аспектів, а саме читабельності та редакційних вимог.</p>', 'RRnWW3yhTm.jpg', '2022-07-17 05:07:30', '2022-07-17 05:07:30', 'deluxe-standart', '17-07-2022', '17-07-2032', 16, 2600.00, 11, 6),
(77, 'Deluxe Standart +', '<p><span style=\"color: #212529; font-family: system-ui, -apple-system, \'Segoe UI\', Roboto, \'Helvetica Neue\', Arial, \'Noto Sans\', \'Liberation Sans\', sans-serif, \'Apple Color Emoji\', \'Segoe UI Emoji\', \'Segoe UI Symbol\', \'Noto Color Emoji\'; font-size: 16px; background-color: #ffffff;\">Текст заповнення Lorem ipum використовується графічними дизайнерами, програмістами та друкарями з метою зайняття простору веб -сайту, рекламного продукту чи редакційного виробництва, остаточний текст якого ще не готовий.</span></p>\r\n<p style=\"box-sizing: border-box; margin-top: 0px; margin-bottom: 1rem; color: #212529; font-family: system-ui, -apple-system, \'Segoe UI\', Roboto, \'Helvetica Neue\', Arial, \'Noto Sans\', \'Liberation Sans\', sans-serif, \'Apple Color Emoji\', \'Segoe UI Emoji\', \'Segoe UI Symbol\', \'Noto Color Emoji\'; font-size: 16px; background-color: #ffffff;\">&nbsp;</p>\r\n<p style=\"box-sizing: border-box; margin-top: 0px; margin-bottom: 1rem; color: #212529; font-family: system-ui, -apple-system, \'Segoe UI\', Roboto, \'Helvetica Neue\', Arial, \'Noto Sans\', \'Liberation Sans\', sans-serif, \'Apple Color Emoji\', \'Segoe UI Emoji\', \'Segoe UI Symbol\', \'Noto Color Emoji\'; font-size: 16px; background-color: #ffffff;\">Це допомагає отримати уявлення про готовий продукт, який незабаром буде надрукований або розповсюджений за допомогою цифрових каналів.</p>\r\n<p style=\"box-sizing: border-box; margin-top: 0px; margin-bottom: 1rem; color: #212529; font-family: system-ui, -apple-system, \'Segoe UI\', Roboto, \'Helvetica Neue\', Arial, \'Noto Sans\', \'Liberation Sans\', sans-serif, \'Apple Color Emoji\', \'Segoe UI Emoji\', \'Segoe UI Symbol\', \'Noto Color Emoji\'; font-size: 16px; background-color: #ffffff;\">Для того, щоб отримати результат, який більше відповідає кінцевому результату, графічні дизайнери, дизайнери або типографки повідомляють текст Lorem ipsum стосовно двох основних аспектів, а саме читабельності та редакційних вимог.</p>', 'JoRLeVzmzo.jpg', '2022-07-17 05:08:50', '2022-07-17 05:08:50', 'deluxe-standart-2', '17-07-2022', '17-07-2032', 16, 3000.00, 11, 6),
(78, 'Prime + Двомісний номер', '<p><span style=\"color: #212529; font-family: system-ui, -apple-system, \'Segoe UI\', Roboto, \'Helvetica Neue\', Arial, \'Noto Sans\', \'Liberation Sans\', sans-serif, \'Apple Color Emoji\', \'Segoe UI Emoji\', \'Segoe UI Symbol\', \'Noto Color Emoji\'; font-size: 16px; background-color: #ffffff;\">Текст заповнення Lorem ipum використовується графічними дизайнерами, програмістами та друкарями з метою зайняття простору веб -сайту, рекламного продукту чи редакційного виробництва, остаточний текст якого ще не готовий.</span></p>\r\n<p style=\"box-sizing: border-box; margin-top: 0px; margin-bottom: 1rem; color: #212529; font-family: system-ui, -apple-system, \'Segoe UI\', Roboto, \'Helvetica Neue\', Arial, \'Noto Sans\', \'Liberation Sans\', sans-serif, \'Apple Color Emoji\', \'Segoe UI Emoji\', \'Segoe UI Symbol\', \'Noto Color Emoji\'; font-size: 16px; background-color: #ffffff;\">&nbsp;</p>\r\n<p style=\"box-sizing: border-box; margin-top: 0px; margin-bottom: 1rem; color: #212529; font-family: system-ui, -apple-system, \'Segoe UI\', Roboto, \'Helvetica Neue\', Arial, \'Noto Sans\', \'Liberation Sans\', sans-serif, \'Apple Color Emoji\', \'Segoe UI Emoji\', \'Segoe UI Symbol\', \'Noto Color Emoji\'; font-size: 16px; background-color: #ffffff;\">Це допомагає отримати уявлення про готовий продукт, який незабаром буде надрукований або розповсюджений за допомогою цифрових каналів.</p>\r\n<p style=\"box-sizing: border-box; margin-top: 0px; margin-bottom: 1rem; color: #212529; font-family: system-ui, -apple-system, \'Segoe UI\', Roboto, \'Helvetica Neue\', Arial, \'Noto Sans\', \'Liberation Sans\', sans-serif, \'Apple Color Emoji\', \'Segoe UI Emoji\', \'Segoe UI Symbol\', \'Noto Color Emoji\'; font-size: 16px; background-color: #ffffff;\">Для того, щоб отримати результат, який більше відповідає кінцевому результату, графічні дизайнери, дизайнери або типографки повідомляють текст Lorem ipsum стосовно двох основних аспектів, а саме читабельності та редакційних вимог.</p>', 'RqAqsuZH8D.jpg', '2022-07-17 05:10:49', '2022-07-17 05:10:49', 'prime-dvomisniy-nomer', '17-07-2022', '17-07-2032', 15, 1100.00, 11, 3),
(79, 'Deluxe + із балконом та видом на море', '<p><span style=\"color: #212529; font-family: system-ui, -apple-system, \'Segoe UI\', Roboto, \'Helvetica Neue\', Arial, \'Noto Sans\', \'Liberation Sans\', sans-serif, \'Apple Color Emoji\', \'Segoe UI Emoji\', \'Segoe UI Symbol\', \'Noto Color Emoji\'; font-size: 16px; background-color: #ffffff;\">Текст заповнення Lorem ipum використовується графічними дизайнерами, програмістами та друкарями з метою зайняття простору веб -сайту, рекламного продукту чи редакційного виробництва, остаточний текст якого ще не готовий.</span></p>\r\n<p style=\"box-sizing: border-box; margin-top: 0px; margin-bottom: 1rem; color: #212529; font-family: system-ui, -apple-system, \'Segoe UI\', Roboto, \'Helvetica Neue\', Arial, \'Noto Sans\', \'Liberation Sans\', sans-serif, \'Apple Color Emoji\', \'Segoe UI Emoji\', \'Segoe UI Symbol\', \'Noto Color Emoji\'; font-size: 16px; background-color: #ffffff;\">&nbsp;</p>\r\n<p style=\"box-sizing: border-box; margin-top: 0px; margin-bottom: 1rem; color: #212529; font-family: system-ui, -apple-system, \'Segoe UI\', Roboto, \'Helvetica Neue\', Arial, \'Noto Sans\', \'Liberation Sans\', sans-serif, \'Apple Color Emoji\', \'Segoe UI Emoji\', \'Segoe UI Symbol\', \'Noto Color Emoji\'; font-size: 16px; background-color: #ffffff;\">Це допомагає отримати уявлення про готовий продукт, який незабаром буде надрукований або розповсюджений за допомогою цифрових каналів.</p>\r\n<p style=\"box-sizing: border-box; margin-top: 0px; margin-bottom: 1rem; color: #212529; font-family: system-ui, -apple-system, \'Segoe UI\', Roboto, \'Helvetica Neue\', Arial, \'Noto Sans\', \'Liberation Sans\', sans-serif, \'Apple Color Emoji\', \'Segoe UI Emoji\', \'Segoe UI Symbol\', \'Noto Color Emoji\'; font-size: 16px; background-color: #ffffff;\">Для того, щоб отримати результат, який більше відповідає кінцевому результату, графічні дизайнери, дизайнери або типографки повідомляють текст Lorem ipsum стосовно двох основних аспектів, а саме читабельності та редакційних вимог.</p>', 'YN8fl0JiZW.jpg', '2022-07-17 05:12:06', '2022-07-17 05:12:06', 'deluxe-iz-balkonom-ta-vidom-na-more', '17-07-2022', '17-07-2032', 15, 800.00, 11, 4),
(80, 'Напівлюкс із видом на море', '<p><span style=\"color: #212529; font-family: system-ui, -apple-system, \'Segoe UI\', Roboto, \'Helvetica Neue\', Arial, \'Noto Sans\', \'Liberation Sans\', sans-serif, \'Apple Color Emoji\', \'Segoe UI Emoji\', \'Segoe UI Symbol\', \'Noto Color Emoji\'; font-size: 16px; background-color: #ffffff;\">Текст заповнення Lorem ipum використовується графічними дизайнерами, програмістами та друкарями з метою зайняття простору веб -сайту, рекламного продукту чи редакційного виробництва, остаточний текст якого ще не готовий.</span></p>\r\n<p style=\"box-sizing: border-box; margin-top: 0px; margin-bottom: 1rem; color: #212529; font-family: system-ui, -apple-system, \'Segoe UI\', Roboto, \'Helvetica Neue\', Arial, \'Noto Sans\', \'Liberation Sans\', sans-serif, \'Apple Color Emoji\', \'Segoe UI Emoji\', \'Segoe UI Symbol\', \'Noto Color Emoji\'; font-size: 16px; background-color: #ffffff;\">&nbsp;</p>\r\n<p style=\"box-sizing: border-box; margin-top: 0px; margin-bottom: 1rem; color: #212529; font-family: system-ui, -apple-system, \'Segoe UI\', Roboto, \'Helvetica Neue\', Arial, \'Noto Sans\', \'Liberation Sans\', sans-serif, \'Apple Color Emoji\', \'Segoe UI Emoji\', \'Segoe UI Symbol\', \'Noto Color Emoji\'; font-size: 16px; background-color: #ffffff;\">Це допомагає отримати уявлення про готовий продукт, який незабаром буде надрукований або розповсюджений за допомогою цифрових каналів.</p>\r\n<p style=\"box-sizing: border-box; margin-top: 0px; margin-bottom: 1rem; color: #212529; font-family: system-ui, -apple-system, \'Segoe UI\', Roboto, \'Helvetica Neue\', Arial, \'Noto Sans\', \'Liberation Sans\', sans-serif, \'Apple Color Emoji\', \'Segoe UI Emoji\', \'Segoe UI Symbol\', \'Noto Color Emoji\'; font-size: 16px; background-color: #ffffff;\">Для того, щоб отримати результат, який більше відповідає кінцевому результату, графічні дизайнери, дизайнери або типографки повідомляють текст Lorem ipsum стосовно двох основних аспектів, а саме читабельності та редакційних вимог.</p>', '7Pa20K3fHD.jpg', '2022-07-17 05:16:17', '2022-07-17 05:16:17', 'napivlyuks-iz-vidom-na-more', '17-07-2022', '17-07-2032', 15, 2300.00, 11, 6),
(81, 'Half Lux з балконом', '<p><span style=\"color: #212529; font-family: system-ui, -apple-system, \'Segoe UI\', Roboto, \'Helvetica Neue\', Arial, \'Noto Sans\', \'Liberation Sans\', sans-serif, \'Apple Color Emoji\', \'Segoe UI Emoji\', \'Segoe UI Symbol\', \'Noto Color Emoji\'; font-size: 16px; background-color: #ffffff;\">Текст заповнення Lorem ipum використовується графічними дизайнерами, програмістами та друкарями з метою зайняття простору веб -сайту, рекламного продукту чи редакційного виробництва, остаточний текст якого ще не готовий.</span></p>\r\n<p style=\"box-sizing: border-box; margin-top: 0px; margin-bottom: 1rem; color: #212529; font-family: system-ui, -apple-system, \'Segoe UI\', Roboto, \'Helvetica Neue\', Arial, \'Noto Sans\', \'Liberation Sans\', sans-serif, \'Apple Color Emoji\', \'Segoe UI Emoji\', \'Segoe UI Symbol\', \'Noto Color Emoji\'; font-size: 16px; background-color: #ffffff;\">&nbsp;</p>\r\n<p style=\"box-sizing: border-box; margin-top: 0px; margin-bottom: 1rem; color: #212529; font-family: system-ui, -apple-system, \'Segoe UI\', Roboto, \'Helvetica Neue\', Arial, \'Noto Sans\', \'Liberation Sans\', sans-serif, \'Apple Color Emoji\', \'Segoe UI Emoji\', \'Segoe UI Symbol\', \'Noto Color Emoji\'; font-size: 16px; background-color: #ffffff;\">Це допомагає отримати уявлення про готовий продукт, який незабаром буде надрукований або розповсюджений за допомогою цифрових каналів.</p>\r\n<p style=\"box-sizing: border-box; margin-top: 0px; margin-bottom: 1rem; color: #212529; font-family: system-ui, -apple-system, \'Segoe UI\', Roboto, \'Helvetica Neue\', Arial, \'Noto Sans\', \'Liberation Sans\', sans-serif, \'Apple Color Emoji\', \'Segoe UI Emoji\', \'Segoe UI Symbol\', \'Noto Color Emoji\'; font-size: 16px; background-color: #ffffff;\">Для того, щоб отримати результат, який більше відповідає кінцевому результату, графічні дизайнери, дизайнери або типографки повідомляють текст Lorem ipsum стосовно двох основних аспектів, а саме читабельності та редакційних вимог.</p>', 'uFsCZovR1d.jpg', '2022-07-17 05:19:08', '2022-07-17 05:19:08', 'half-lux-z-balkonom', '17-07-2022', '17-07-2032', 15, 1000.00, 11, 2),
(82, 'Standart + без балкону', '<p><span style=\"color: #212529; font-family: system-ui, -apple-system, \'Segoe UI\', Roboto, \'Helvetica Neue\', Arial, \'Noto Sans\', \'Liberation Sans\', sans-serif, \'Apple Color Emoji\', \'Segoe UI Emoji\', \'Segoe UI Symbol\', \'Noto Color Emoji\'; font-size: 16px; background-color: #ffffff;\">Текст заповнення Lorem ipum використовується графічними дизайнерами, програмістами та друкарями з метою зайняття простору веб -сайту, рекламного продукту чи редакційного виробництва, остаточний текст якого ще не готовий.</span></p>\r\n<p style=\"box-sizing: border-box; margin-top: 0px; margin-bottom: 1rem; color: #212529; font-family: system-ui, -apple-system, \'Segoe UI\', Roboto, \'Helvetica Neue\', Arial, \'Noto Sans\', \'Liberation Sans\', sans-serif, \'Apple Color Emoji\', \'Segoe UI Emoji\', \'Segoe UI Symbol\', \'Noto Color Emoji\'; font-size: 16px; background-color: #ffffff;\">&nbsp;</p>\r\n<p style=\"box-sizing: border-box; margin-top: 0px; margin-bottom: 1rem; color: #212529; font-family: system-ui, -apple-system, \'Segoe UI\', Roboto, \'Helvetica Neue\', Arial, \'Noto Sans\', \'Liberation Sans\', sans-serif, \'Apple Color Emoji\', \'Segoe UI Emoji\', \'Segoe UI Symbol\', \'Noto Color Emoji\'; font-size: 16px; background-color: #ffffff;\">Це допомагає отримати уявлення про готовий продукт, який незабаром буде надрукований або розповсюджений за допомогою цифрових каналів.</p>\r\n<p style=\"box-sizing: border-box; margin-top: 0px; margin-bottom: 1rem; color: #212529; font-family: system-ui, -apple-system, \'Segoe UI\', Roboto, \'Helvetica Neue\', Arial, \'Noto Sans\', \'Liberation Sans\', sans-serif, \'Apple Color Emoji\', \'Segoe UI Emoji\', \'Segoe UI Symbol\', \'Noto Color Emoji\'; font-size: 16px; background-color: #ffffff;\">Для того, щоб отримати результат, який більше відповідає кінцевому результату, графічні дизайнери, дизайнери або типографки повідомляють текст Lorem ipsum стосовно двох основних аспектів, а саме читабельності та редакційних вимог.</p>', '6OfGxBgegs.jpg', '2022-07-17 05:20:26', '2022-07-17 05:20:26', 'standart-bez-balkonu', '17-07-2022', '17-07-2032', 17, 600.00, 11, 3),
(83, 'Standart з балконом', '<p><span style=\"color: #212529; font-family: system-ui, -apple-system, \'Segoe UI\', Roboto, \'Helvetica Neue\', Arial, \'Noto Sans\', \'Liberation Sans\', sans-serif, \'Apple Color Emoji\', \'Segoe UI Emoji\', \'Segoe UI Symbol\', \'Noto Color Emoji\'; font-size: 16px; background-color: #ffffff;\">Текст заповнення Lorem ipum використовується графічними дизайнерами, програмістами та друкарями з метою зайняття простору веб -сайту, рекламного продукту чи редакційного виробництва, остаточний текст якого ще не готовий.</span></p>\r\n<p style=\"box-sizing: border-box; margin-top: 0px; margin-bottom: 1rem; color: #212529; font-family: system-ui, -apple-system, \'Segoe UI\', Roboto, \'Helvetica Neue\', Arial, \'Noto Sans\', \'Liberation Sans\', sans-serif, \'Apple Color Emoji\', \'Segoe UI Emoji\', \'Segoe UI Symbol\', \'Noto Color Emoji\'; font-size: 16px; background-color: #ffffff;\">&nbsp;</p>\r\n<p style=\"box-sizing: border-box; margin-top: 0px; margin-bottom: 1rem; color: #212529; font-family: system-ui, -apple-system, \'Segoe UI\', Roboto, \'Helvetica Neue\', Arial, \'Noto Sans\', \'Liberation Sans\', sans-serif, \'Apple Color Emoji\', \'Segoe UI Emoji\', \'Segoe UI Symbol\', \'Noto Color Emoji\'; font-size: 16px; background-color: #ffffff;\">Це допомагає отримати уявлення про готовий продукт, який незабаром буде надрукований або розповсюджений за допомогою цифрових каналів.</p>\r\n<p style=\"box-sizing: border-box; margin-top: 0px; margin-bottom: 1rem; color: #212529; font-family: system-ui, -apple-system, \'Segoe UI\', Roboto, \'Helvetica Neue\', Arial, \'Noto Sans\', \'Liberation Sans\', sans-serif, \'Apple Color Emoji\', \'Segoe UI Emoji\', \'Segoe UI Symbol\', \'Noto Color Emoji\'; font-size: 16px; background-color: #ffffff;\">Для того, щоб отримати результат, який більше відповідає кінцевому результату, графічні дизайнери, дизайнери або типографки повідомляють текст Lorem ipsum стосовно двох основних аспектів, а саме читабельності та редакційних вимог.</p>', 'PY3lvtPzKm.jpg', '2022-07-17 05:21:36', '2022-07-17 05:21:36', 'standart-z-balkonom', '17-07-2022', '17-07-2032', 17, 900.00, 11, 3),
(84, 'Номер-студія', '<p><span style=\"color: #212529; font-family: system-ui, -apple-system, \'Segoe UI\', Roboto, \'Helvetica Neue\', Arial, \'Noto Sans\', \'Liberation Sans\', sans-serif, \'Apple Color Emoji\', \'Segoe UI Emoji\', \'Segoe UI Symbol\', \'Noto Color Emoji\'; font-size: 16px; background-color: #ffffff;\">Текст заповнення Lorem ipum використовується графічними дизайнерами, програмістами та друкарями з метою зайняття простору веб -сайту, рекламного продукту чи редакційного виробництва, остаточний текст якого ще не готовий.</span></p>\r\n<p style=\"box-sizing: border-box; margin-top: 0px; margin-bottom: 1rem; color: #212529; font-family: system-ui, -apple-system, \'Segoe UI\', Roboto, \'Helvetica Neue\', Arial, \'Noto Sans\', \'Liberation Sans\', sans-serif, \'Apple Color Emoji\', \'Segoe UI Emoji\', \'Segoe UI Symbol\', \'Noto Color Emoji\'; font-size: 16px; background-color: #ffffff;\">&nbsp;</p>\r\n<p style=\"box-sizing: border-box; margin-top: 0px; margin-bottom: 1rem; color: #212529; font-family: system-ui, -apple-system, \'Segoe UI\', Roboto, \'Helvetica Neue\', Arial, \'Noto Sans\', \'Liberation Sans\', sans-serif, \'Apple Color Emoji\', \'Segoe UI Emoji\', \'Segoe UI Symbol\', \'Noto Color Emoji\'; font-size: 16px; background-color: #ffffff;\">Це допомагає отримати уявлення про готовий продукт, який незабаром буде надрукований або розповсюджений за допомогою цифрових каналів.</p>\r\n<p style=\"box-sizing: border-box; margin-top: 0px; margin-bottom: 1rem; color: #212529; font-family: system-ui, -apple-system, \'Segoe UI\', Roboto, \'Helvetica Neue\', Arial, \'Noto Sans\', \'Liberation Sans\', sans-serif, \'Apple Color Emoji\', \'Segoe UI Emoji\', \'Segoe UI Symbol\', \'Noto Color Emoji\'; font-size: 16px; background-color: #ffffff;\">Для того, щоб отримати результат, який більше відповідає кінцевому результату, графічні дизайнери, дизайнери або типографки повідомляють текст Lorem ipsum стосовно двох основних аспектів, а саме читабельності та редакційних вимог.</p>', '5PvqN0bDTh.jpg', '2022-07-17 05:23:02', '2022-07-17 05:23:02', 'nomer-studiya', '17-07-2022', '17-07-2032', 17, 1000.00, 11, 3),
(85, 'Стандартний тримісний номер', '<p><span style=\"color: #212529; font-family: system-ui, -apple-system, \'Segoe UI\', Roboto, \'Helvetica Neue\', Arial, \'Noto Sans\', \'Liberation Sans\', sans-serif, \'Apple Color Emoji\', \'Segoe UI Emoji\', \'Segoe UI Symbol\', \'Noto Color Emoji\'; font-size: 16px; background-color: #ffffff;\">Текст заповнення Lorem ipum використовується графічними дизайнерами, програмістами та друкарями з метою зайняття простору веб -сайту, рекламного продукту чи редакційного виробництва, остаточний текст якого ще не готовий.</span></p>\r\n<p style=\"box-sizing: border-box; margin-top: 0px; margin-bottom: 1rem; color: #212529; font-family: system-ui, -apple-system, \'Segoe UI\', Roboto, \'Helvetica Neue\', Arial, \'Noto Sans\', \'Liberation Sans\', sans-serif, \'Apple Color Emoji\', \'Segoe UI Emoji\', \'Segoe UI Symbol\', \'Noto Color Emoji\'; font-size: 16px; background-color: #ffffff;\">&nbsp;</p>\r\n<p style=\"box-sizing: border-box; margin-top: 0px; margin-bottom: 1rem; color: #212529; font-family: system-ui, -apple-system, \'Segoe UI\', Roboto, \'Helvetica Neue\', Arial, \'Noto Sans\', \'Liberation Sans\', sans-serif, \'Apple Color Emoji\', \'Segoe UI Emoji\', \'Segoe UI Symbol\', \'Noto Color Emoji\'; font-size: 16px; background-color: #ffffff;\">Це допомагає отримати уявлення про готовий продукт, який незабаром буде надрукований або розповсюджений за допомогою цифрових каналів.</p>\r\n<p style=\"box-sizing: border-box; margin-top: 0px; margin-bottom: 1rem; color: #212529; font-family: system-ui, -apple-system, \'Segoe UI\', Roboto, \'Helvetica Neue\', Arial, \'Noto Sans\', \'Liberation Sans\', sans-serif, \'Apple Color Emoji\', \'Segoe UI Emoji\', \'Segoe UI Symbol\', \'Noto Color Emoji\'; font-size: 16px; background-color: #ffffff;\">Для того, щоб отримати результат, який більше відповідає кінцевому результату, графічні дизайнери, дизайнери або типографки повідомляють текст Lorem ipsum стосовно двох основних аспектів, а саме читабельності та редакційних вимог.</p>', 'n20wd8rFsh.jpg', '2022-07-17 05:24:30', '2022-07-17 05:24:30', 'standartniy-trimisniy-nomer', '17-07-2022', '17-07-2032', 17, 750.00, 11, 3);

-- --------------------------------------------------------

--
-- Структура таблицы `room_bed_types`
--

CREATE TABLE `room_bed_types` (
  `id` bigint(20) UNSIGNED NOT NULL,
  `room_id` int(11) NOT NULL,
  `bed_type_id` int(11) NOT NULL
) ENGINE=InnoDB DEFAULT CHARSET=utf8mb4 COLLATE=utf8mb4_unicode_ci;

--
-- Дамп данных таблицы `room_bed_types`
--

INSERT INTO `room_bed_types` (`id`, `room_id`, `bed_type_id`) VALUES
(11, 67, 7),
(12, 67, 8),
(13, 68, 6),
(14, 68, 7),
(15, 69, 3),
(16, 69, 6),
(17, 69, 7),
(25, 73, 6),
(26, 73, 3),
(27, 74, 7),
(28, 74, 6),
(29, 75, 6),
(30, 75, 8),
(31, 76, 3),
(32, 76, 6),
(33, 77, 3),
(34, 77, 6),
(35, 77, 4),
(36, 78, 9),
(37, 78, 4),
(38, 79, 7),
(39, 79, 6),
(40, 79, 3),
(41, 80, 6),
(42, 80, 9),
(43, 80, 10),
(44, 81, 3),
(45, 82, 8),
(46, 82, 2),
(47, 83, 8),
(48, 83, 7),
(49, 83, 4),
(50, 84, 6),
(51, 84, 8),
(52, 84, 10),
(53, 85, 4),
(54, 85, 10),
(55, 85, 9),
(56, 85, 7);

-- --------------------------------------------------------

--
-- Структура таблицы `room_features`
--

CREATE TABLE `room_features` (
  `id` bigint(20) UNSIGNED NOT NULL,
  `room_id` int(11) NOT NULL,
  `feature_id` int(11) NOT NULL
) ENGINE=InnoDB DEFAULT CHARSET=utf8mb4 COLLATE=utf8mb4_unicode_ci;

--
-- Дамп данных таблицы `room_features`
--

INSERT INTO `room_features` (`id`, `room_id`, `feature_id`) VALUES
(91, 67, 25),
(92, 67, 30),
(93, 68, 25),
(94, 68, 30),
(95, 69, 25),
(96, 69, 30),
(97, 69, 31),
(105, 73, 38),
(106, 73, 40),
(107, 73, 27),
(108, 73, 28),
(109, 73, 25),
(110, 73, 30),
(111, 73, 37),
(112, 73, 33),
(113, 73, 43),
(114, 74, 31),
(115, 74, 40),
(116, 74, 27),
(117, 74, 28),
(118, 74, 26),
(119, 75, 40),
(120, 75, 27),
(121, 75, 28),
(122, 75, 30),
(123, 75, 25),
(124, 75, 26),
(125, 76, 40),
(126, 76, 27),
(127, 76, 28),
(128, 76, 39),
(129, 76, 42),
(130, 76, 38),
(131, 76, 30),
(132, 77, 38),
(133, 77, 40),
(134, 77, 27),
(135, 77, 28),
(136, 77, 39),
(137, 77, 30),
(138, 77, 37),
(139, 77, 44),
(140, 78, 28),
(141, 78, 25),
(142, 78, 30),
(143, 78, 27),
(144, 78, 40),
(145, 78, 38),
(146, 78, 43),
(147, 79, 40),
(148, 79, 27),
(149, 79, 39),
(150, 79, 25),
(151, 79, 36),
(152, 79, 31),
(153, 80, 40),
(154, 80, 27),
(155, 80, 28),
(156, 80, 30),
(157, 80, 25),
(158, 80, 44),
(159, 81, 27),
(160, 81, 28),
(161, 81, 30),
(162, 81, 26),
(163, 82, 27),
(164, 82, 36),
(165, 82, 25),
(166, 82, 42),
(167, 83, 27),
(168, 83, 42),
(169, 83, 43),
(170, 84, 27),
(171, 84, 37),
(172, 84, 40),
(173, 85, 30),
(174, 85, 31);

-- --------------------------------------------------------

--
-- Структура таблицы `room_galleries`
--

CREATE TABLE `room_galleries` (
  `id` bigint(20) UNSIGNED NOT NULL,
  `room_id` int(11) NOT NULL,
  `image` varchar(255) COLLATE utf8mb4_unicode_ci NOT NULL,
  `created_at` timestamp NULL DEFAULT NULL,
  `updated_at` timestamp NULL DEFAULT NULL
) ENGINE=InnoDB DEFAULT CHARSET=utf8mb4 COLLATE=utf8mb4_unicode_ci;

--
-- Дамп данных таблицы `room_galleries`
--

INSERT INTO `room_galleries` (`id`, `room_id`, `image`, `created_at`, `updated_at`) VALUES
(16, 67, 'f6IIG0ONwr.png', '2022-07-11 13:07:58', '2022-07-11 13:07:58'),
(17, 68, 'IofhYjD6sH.png', '2022-07-11 14:00:39', '2022-07-11 14:00:39'),
(18, 69, 'oavqqPUztO.jpg', '2022-07-14 14:26:21', '2022-07-14 14:26:21'),
(19, 69, 'Cja5fmOtFw.png', '2022-07-14 14:26:21', '2022-07-14 14:26:21'),
(20, 69, 'eMJ6WI1npF.png', '2022-07-14 14:26:21', '2022-07-14 14:26:21'),
(29, 73, '066boqHWiP.jpg', '2022-07-17 05:00:14', '2022-07-17 05:00:14'),
(30, 73, 'hUV7zEHxTC.jpg', '2022-07-17 05:00:14', '2022-07-17 05:00:14'),
(31, 73, 'UmlJc0OhOH.jpg', '2022-07-17 05:00:14', '2022-07-17 05:00:14'),
(32, 73, 'pI14ZyiBK1.jpg', '2022-07-17 05:00:14', '2022-07-17 05:00:14'),
(33, 73, 'R0sCsja7qd.jpg', '2022-07-17 05:00:14', '2022-07-17 05:00:14'),
(34, 74, 'trTgYbChX9.jpg', '2022-07-17 05:02:29', '2022-07-17 05:02:29'),
(35, 74, 'VGFe5LiVfL.jpg', '2022-07-17 05:02:29', '2022-07-17 05:02:29'),
(36, 74, 'chpRDMEXX4.jpg', '2022-07-17 05:02:29', '2022-07-17 05:02:29'),
(37, 74, 'BJDKal9RQ0.jpg', '2022-07-17 05:02:29', '2022-07-17 05:02:29'),
(38, 75, '0falpZ1ofP.jpg', '2022-07-17 05:05:27', '2022-07-17 05:05:27'),
(39, 75, 'ltkpXKINHg.jpg', '2022-07-17 05:05:27', '2022-07-17 05:05:27'),
(40, 75, 'c2QDgGjCLy.jpg', '2022-07-17 05:05:27', '2022-07-17 05:05:27'),
(41, 75, 'XU0ZvdKzeU.jpg', '2022-07-17 05:05:27', '2022-07-17 05:05:27'),
(42, 75, '527C91TSHc.jpg', '2022-07-17 05:05:27', '2022-07-17 05:05:27'),
(43, 75, 'v5QP9sVpvr.jpg', '2022-07-17 05:05:27', '2022-07-17 05:05:27'),
(44, 76, 'YW8iUheMQd.jpg', '2022-07-17 05:07:30', '2022-07-17 05:07:30'),
(45, 76, 'gA8NRmERLZ.jpg', '2022-07-17 05:07:30', '2022-07-17 05:07:30'),
(46, 76, 'Aeap3dbHga.jpg', '2022-07-17 05:07:30', '2022-07-17 05:07:30'),
(47, 76, 'zftwwXUHRC.jpg', '2022-07-17 05:07:30', '2022-07-17 05:07:30'),
(48, 76, '3uwCgKAzD8.jpg', '2022-07-17 05:07:30', '2022-07-17 05:07:30'),
(49, 77, '2bJdjmbTMC.jpg', '2022-07-17 05:08:50', '2022-07-17 05:08:50'),
(50, 77, '1Eux1SkFEe.jpg', '2022-07-17 05:08:50', '2022-07-17 05:08:50'),
(51, 77, 'GCK5SflW9b.jpg', '2022-07-17 05:08:50', '2022-07-17 05:08:50'),
(52, 77, 'YpPxPGYh6I.jpg', '2022-07-17 05:08:50', '2022-07-17 05:08:50'),
(53, 77, 'YMUjnN6uTJ.jpg', '2022-07-17 05:08:50', '2022-07-17 05:08:50'),
(54, 78, 'Grt80wRPw0.jpg', '2022-07-17 05:10:49', '2022-07-17 05:10:49'),
(55, 78, 'DDYA5vrpnj.jpg', '2022-07-17 05:10:49', '2022-07-17 05:10:49'),
(56, 78, 'bBVhoyQvCq.jpg', '2022-07-17 05:10:49', '2022-07-17 05:10:49'),
(57, 78, 'UVIO3Uzk9Q.jpg', '2022-07-17 05:10:49', '2022-07-17 05:10:49'),
(58, 79, 'xBWuNKDLLK.jpg', '2022-07-17 05:12:06', '2022-07-17 05:12:06'),
(59, 79, 'p1tz6ma9yq.jpg', '2022-07-17 05:12:06', '2022-07-17 05:12:06'),
(60, 79, 'WSt2onYmeo.jpg', '2022-07-17 05:12:06', '2022-07-17 05:12:06'),
(61, 79, 'gckD4JTiqy.jpg', '2022-07-17 05:12:06', '2022-07-17 05:12:06'),
(62, 79, 'vF5xPdC4nR.jpg', '2022-07-17 05:12:06', '2022-07-17 05:12:06'),
(63, 80, '9qFXE47QhE.jpg', '2022-07-17 05:16:17', '2022-07-17 05:16:17'),
(64, 80, 'AVjnzQsyYm.jpg', '2022-07-17 05:16:17', '2022-07-17 05:16:17'),
(65, 80, 'Ld9p2zDvxb.jpg', '2022-07-17 05:16:17', '2022-07-17 05:16:17'),
(66, 80, '0SK0ZGdAUB.jpg', '2022-07-17 05:16:17', '2022-07-17 05:16:17'),
(67, 80, 'ihNx2CR9mx.jpg', '2022-07-17 05:16:17', '2022-07-17 05:16:17'),
(68, 80, 'erDmzGAZJb.jpg', '2022-07-17 05:16:17', '2022-07-17 05:16:17'),
(69, 81, 'PLQrU4bZrv.jpg', '2022-07-17 05:19:08', '2022-07-17 05:19:08'),
(70, 81, 'JwGM1mBmsM.jpg', '2022-07-17 05:19:08', '2022-07-17 05:19:08'),
(71, 81, 'qgHGp7JIVH.jpg', '2022-07-17 05:19:08', '2022-07-17 05:19:08'),
(72, 81, 'aTn3tfQeV1.jpg', '2022-07-17 05:19:08', '2022-07-17 05:19:08'),
(73, 82, 'vAPOBqrROu.jpg', '2022-07-17 05:20:26', '2022-07-17 05:20:26'),
(74, 82, 'pSyMnTy28W.jpg', '2022-07-17 05:20:26', '2022-07-17 05:20:26'),
(75, 82, 'vwyzxOAoVF.jpg', '2022-07-17 05:20:26', '2022-07-17 05:20:26'),
(76, 82, 'dPjwoBH9kj.jpg', '2022-07-17 05:20:26', '2022-07-17 05:20:26'),
(77, 82, '5hLBcJ5pr7.jpg', '2022-07-17 05:20:26', '2022-07-17 05:20:26'),
(78, 83, 'zX8UIPW8pn.jpg', '2022-07-17 05:21:36', '2022-07-17 05:21:36'),
(79, 83, 'Uqxm0kUqQA.jpg', '2022-07-17 05:21:36', '2022-07-17 05:21:36'),
(80, 83, 'emBtdW4JxB.jpg', '2022-07-17 05:21:36', '2022-07-17 05:21:36'),
(81, 83, 'g0hXKVH1x1.jpg', '2022-07-17 05:21:36', '2022-07-17 05:21:36'),
(82, 84, 'LW7ilYao4o.jpg', '2022-07-17 05:23:02', '2022-07-17 05:23:02'),
(83, 84, 'Nqv7IW10t6.jpg', '2022-07-17 05:23:02', '2022-07-17 05:23:02'),
(84, 84, 'Axnz5VgnUP.jpg', '2022-07-17 05:23:02', '2022-07-17 05:23:02'),
(85, 84, 'HEGocoUtp9.jpg', '2022-07-17 05:23:02', '2022-07-17 05:23:02'),
(86, 84, '1OhuRx7hqu.jpg', '2022-07-17 05:23:02', '2022-07-17 05:23:02'),
(87, 85, 'bDBI8924wm.jpg', '2022-07-17 05:24:30', '2022-07-17 05:24:30'),
(88, 85, '3cTLpzGZGz.jpg', '2022-07-17 05:24:30', '2022-07-17 05:24:30');

-- --------------------------------------------------------

--
-- Структура таблицы `users`
--

CREATE TABLE `users` (
  `id` bigint(20) UNSIGNED NOT NULL,
  `email` varchar(255) COLLATE utf8mb4_unicode_ci NOT NULL,
  `email_verified_at` timestamp NULL DEFAULT NULL,
  `password` varchar(255) COLLATE utf8mb4_unicode_ci NOT NULL,
  `remember_token` varchar(100) COLLATE utf8mb4_unicode_ci DEFAULT NULL,
  `created_at` timestamp NULL DEFAULT NULL,
  `updated_at` timestamp NULL DEFAULT NULL,
  `first_name` varchar(255) COLLATE utf8mb4_unicode_ci NOT NULL,
  `last_name` varchar(255) COLLATE utf8mb4_unicode_ci NOT NULL,
  `gender` varchar(255) COLLATE utf8mb4_unicode_ci NOT NULL,
  `phone` varchar(255) COLLATE utf8mb4_unicode_ci NOT NULL
) ENGINE=InnoDB DEFAULT CHARSET=utf8mb4 COLLATE=utf8mb4_unicode_ci;

--
-- Дамп данных таблицы `users`
--

INSERT INTO `users` (`id`, `email`, `email_verified_at`, `password`, `remember_token`, `created_at`, `updated_at`, `first_name`, `last_name`, `gender`, `phone`) VALUES
(11, 'super-user@hotel.com', '2022-07-09 03:26:13', '$2y$10$mgOKbpD4rdGRBoRl/wb0jO3JtxhhST.oJqLeJN1IDRJX0E3EkRYVa', NULL, '2022-07-09 03:26:13', '2022-07-10 04:30:16', 'Oleksandr', 'Ivakha (super_user)', 'Чоловік', '+380980000000'),
(36, 'simple-user@hotel.com', '2022-07-17 05:29:16', '$2y$10$7sS.9viNDTWdZStpxdH3ou2hAYkDXHo77/BS.STOeg2X/4LTrfx1O', NULL, '2022-07-17 05:28:54', '2022-07-17 05:29:16', 'Григорій', 'Тищенко', 'Чоловік', '+380985623489'),
(37, 'advance-user@hotel.com', '2022-07-17 05:38:18', '$2y$10$oEcLfG4hVcgyXxOU.Cun3u2jUdM34s0rYavzxNi0XfPZB128h4vJO', NULL, '2022-07-17 05:38:08', '2022-07-17 05:38:18', 'Микита', 'Лук\'яненко', 'Чоловік', '+380982012365');

--
-- Индексы сохранённых таблиц
--

--
-- Индексы таблицы `apartments`
--
ALTER TABLE `apartments`
  ADD PRIMARY KEY (`id`);

--
-- Индексы таблицы `apartment_galleries`
--
ALTER TABLE `apartment_galleries`
  ADD PRIMARY KEY (`id`);

--
-- Индексы таблицы `apartment_leisure_activities`
--
ALTER TABLE `apartment_leisure_activities`
  ADD PRIMARY KEY (`id`);

--
-- Индексы таблицы `apartment_meals`
--
ALTER TABLE `apartment_meals`
  ADD PRIMARY KEY (`id`);

--
-- Индексы таблицы `apartment_types`
--
ALTER TABLE `apartment_types`
  ADD PRIMARY KEY (`id`);

--
-- Индексы таблицы `bed_types`
--
ALTER TABLE `bed_types`
  ADD PRIMARY KEY (`id`);

--
-- Индексы таблицы `bookings`
--
ALTER TABLE `bookings`
  ADD PRIMARY KEY (`id`);

--
-- Индексы таблицы `cities`
--
ALTER TABLE `cities`
  ADD PRIMARY KEY (`id`);

--
-- Индексы таблицы `comments`
--
ALTER TABLE `comments`
  ADD PRIMARY KEY (`id`);

--
-- Индексы таблицы `distances`
--
ALTER TABLE `distances`
  ADD PRIMARY KEY (`id`);

--
-- Индексы таблицы `failed_jobs`
--
ALTER TABLE `failed_jobs`
  ADD PRIMARY KEY (`id`),
  ADD UNIQUE KEY `failed_jobs_uuid_unique` (`uuid`);

--
-- Индексы таблицы `features`
--
ALTER TABLE `features`
  ADD PRIMARY KEY (`id`);

--
-- Индексы таблицы `leisure_activities`
--
ALTER TABLE `leisure_activities`
  ADD PRIMARY KEY (`id`);

--
-- Индексы таблицы `managers`
--
ALTER TABLE `managers`
  ADD PRIMARY KEY (`id`),
  ADD UNIQUE KEY `managers_email_unique` (`email`);

--
-- Индексы таблицы `meals`
--
ALTER TABLE `meals`
  ADD PRIMARY KEY (`id`);

--
-- Индексы таблицы `migrations`
--
ALTER TABLE `migrations`
  ADD PRIMARY KEY (`id`);

--
-- Индексы таблицы `model_has_permissions`
--
ALTER TABLE `model_has_permissions`
  ADD PRIMARY KEY (`permission_id`,`model_id`,`model_type`),
  ADD KEY `model_has_permissions_model_id_model_type_index` (`model_id`,`model_type`);

--
-- Индексы таблицы `model_has_roles`
--
ALTER TABLE `model_has_roles`
  ADD PRIMARY KEY (`role_id`,`model_id`,`model_type`),
  ADD KEY `model_has_roles_model_id_model_type_index` (`model_id`,`model_type`);

--
-- Индексы таблицы `password_resets`
--
ALTER TABLE `password_resets`
  ADD KEY `password_resets_email_index` (`email`);

--
-- Индексы таблицы `permissions`
--
ALTER TABLE `permissions`
  ADD PRIMARY KEY (`id`),
  ADD UNIQUE KEY `permissions_name_guard_name_unique` (`name`,`guard_name`);

--
-- Индексы таблицы `personal_access_tokens`
--
ALTER TABLE `personal_access_tokens`
  ADD PRIMARY KEY (`id`),
  ADD UNIQUE KEY `personal_access_tokens_token_unique` (`token`),
  ADD KEY `personal_access_tokens_tokenable_type_tokenable_id_index` (`tokenable_type`,`tokenable_id`);

--
-- Индексы таблицы `roles`
--
ALTER TABLE `roles`
  ADD PRIMARY KEY (`id`),
  ADD UNIQUE KEY `roles_name_guard_name_unique` (`name`,`guard_name`);

--
-- Индексы таблицы `role_has_permissions`
--
ALTER TABLE `role_has_permissions`
  ADD PRIMARY KEY (`permission_id`,`role_id`),
  ADD KEY `role_has_permissions_role_id_foreign` (`role_id`);

--
-- Индексы таблицы `rooms`
--
ALTER TABLE `rooms`
  ADD PRIMARY KEY (`id`);

--
-- Индексы таблицы `room_bed_types`
--
ALTER TABLE `room_bed_types`
  ADD PRIMARY KEY (`id`);

--
-- Индексы таблицы `room_features`
--
ALTER TABLE `room_features`
  ADD PRIMARY KEY (`id`);

--
-- Индексы таблицы `room_galleries`
--
ALTER TABLE `room_galleries`
  ADD PRIMARY KEY (`id`);

--
-- Индексы таблицы `users`
--
ALTER TABLE `users`
  ADD PRIMARY KEY (`id`),
  ADD UNIQUE KEY `users_email_unique` (`email`);

--
-- AUTO_INCREMENT для сохранённых таблиц
--

--
-- AUTO_INCREMENT для таблицы `apartments`
--
ALTER TABLE `apartments`
  MODIFY `id` bigint(20) UNSIGNED NOT NULL AUTO_INCREMENT, AUTO_INCREMENT=19;

--
-- AUTO_INCREMENT для таблицы `apartment_galleries`
--
ALTER TABLE `apartment_galleries`
  MODIFY `id` bigint(20) UNSIGNED NOT NULL AUTO_INCREMENT, AUTO_INCREMENT=39;

--
-- AUTO_INCREMENT для таблицы `apartment_leisure_activities`
--
ALTER TABLE `apartment_leisure_activities`
  MODIFY `id` bigint(20) UNSIGNED NOT NULL AUTO_INCREMENT, AUTO_INCREMENT=48;

--
-- AUTO_INCREMENT для таблицы `apartment_meals`
--
ALTER TABLE `apartment_meals`
  MODIFY `id` bigint(20) UNSIGNED NOT NULL AUTO_INCREMENT, AUTO_INCREMENT=33;

--
-- AUTO_INCREMENT для таблицы `apartment_types`
--
ALTER TABLE `apartment_types`
  MODIFY `id` bigint(20) UNSIGNED NOT NULL AUTO_INCREMENT, AUTO_INCREMENT=12;

--
-- AUTO_INCREMENT для таблицы `bed_types`
--
ALTER TABLE `bed_types`
  MODIFY `id` bigint(20) UNSIGNED NOT NULL AUTO_INCREMENT, AUTO_INCREMENT=16;

--
-- AUTO_INCREMENT для таблицы `bookings`
--
ALTER TABLE `bookings`
  MODIFY `id` bigint(20) UNSIGNED NOT NULL AUTO_INCREMENT, AUTO_INCREMENT=85;

--
-- AUTO_INCREMENT для таблицы `cities`
--
ALTER TABLE `cities`
  MODIFY `id` bigint(20) UNSIGNED NOT NULL AUTO_INCREMENT, AUTO_INCREMENT=443;

--
-- AUTO_INCREMENT для таблицы `comments`
--
ALTER TABLE `comments`
  MODIFY `id` bigint(20) UNSIGNED NOT NULL AUTO_INCREMENT, AUTO_INCREMENT=71;

--
-- AUTO_INCREMENT для таблицы `distances`
--
ALTER TABLE `distances`
  MODIFY `id` bigint(20) UNSIGNED NOT NULL AUTO_INCREMENT, AUTO_INCREMENT=7;

--
-- AUTO_INCREMENT для таблицы `failed_jobs`
--
ALTER TABLE `failed_jobs`
  MODIFY `id` bigint(20) UNSIGNED NOT NULL AUTO_INCREMENT;

--
-- AUTO_INCREMENT для таблицы `features`
--
ALTER TABLE `features`
  MODIFY `id` bigint(20) UNSIGNED NOT NULL AUTO_INCREMENT, AUTO_INCREMENT=45;

--
-- AUTO_INCREMENT для таблицы `leisure_activities`
--
ALTER TABLE `leisure_activities`
  MODIFY `id` bigint(20) UNSIGNED NOT NULL AUTO_INCREMENT, AUTO_INCREMENT=14;

--
-- AUTO_INCREMENT для таблицы `managers`
--
ALTER TABLE `managers`
  MODIFY `id` bigint(20) UNSIGNED NOT NULL AUTO_INCREMENT, AUTO_INCREMENT=10;

--
-- AUTO_INCREMENT для таблицы `meals`
--
ALTER TABLE `meals`
  MODIFY `id` bigint(20) UNSIGNED NOT NULL AUTO_INCREMENT, AUTO_INCREMENT=14;

--
-- AUTO_INCREMENT для таблицы `migrations`
--
ALTER TABLE `migrations`
  MODIFY `id` int(10) UNSIGNED NOT NULL AUTO_INCREMENT, AUTO_INCREMENT=57;

--
-- AUTO_INCREMENT для таблицы `permissions`
--
ALTER TABLE `permissions`
  MODIFY `id` bigint(20) UNSIGNED NOT NULL AUTO_INCREMENT, AUTO_INCREMENT=3;

--
-- AUTO_INCREMENT для таблицы `personal_access_tokens`
--
ALTER TABLE `personal_access_tokens`
  MODIFY `id` bigint(20) UNSIGNED NOT NULL AUTO_INCREMENT, AUTO_INCREMENT=13;

--
-- AUTO_INCREMENT для таблицы `roles`
--
ALTER TABLE `roles`
  MODIFY `id` bigint(20) UNSIGNED NOT NULL AUTO_INCREMENT, AUTO_INCREMENT=4;

--
-- AUTO_INCREMENT для таблицы `rooms`
--
ALTER TABLE `rooms`
  MODIFY `id` bigint(20) UNSIGNED NOT NULL AUTO_INCREMENT, AUTO_INCREMENT=86;

--
-- AUTO_INCREMENT для таблицы `room_bed_types`
--
ALTER TABLE `room_bed_types`
  MODIFY `id` bigint(20) UNSIGNED NOT NULL AUTO_INCREMENT, AUTO_INCREMENT=57;

--
-- AUTO_INCREMENT для таблицы `room_features`
--
ALTER TABLE `room_features`
  MODIFY `id` bigint(20) UNSIGNED NOT NULL AUTO_INCREMENT, AUTO_INCREMENT=175;

--
-- AUTO_INCREMENT для таблицы `room_galleries`
--
ALTER TABLE `room_galleries`
  MODIFY `id` bigint(20) UNSIGNED NOT NULL AUTO_INCREMENT, AUTO_INCREMENT=89;

--
-- AUTO_INCREMENT для таблицы `users`
--
ALTER TABLE `users`
  MODIFY `id` bigint(20) UNSIGNED NOT NULL AUTO_INCREMENT, AUTO_INCREMENT=38;

--
-- Ограничения внешнего ключа сохраненных таблиц
--

--
-- Ограничения внешнего ключа таблицы `model_has_permissions`
--
ALTER TABLE `model_has_permissions`
  ADD CONSTRAINT `model_has_permissions_permission_id_foreign` FOREIGN KEY (`permission_id`) REFERENCES `permissions` (`id`) ON DELETE CASCADE;

--
-- Ограничения внешнего ключа таблицы `model_has_roles`
--
ALTER TABLE `model_has_roles`
  ADD CONSTRAINT `model_has_roles_role_id_foreign` FOREIGN KEY (`role_id`) REFERENCES `roles` (`id`) ON DELETE CASCADE;

--
-- Ограничения внешнего ключа таблицы `role_has_permissions`
--
ALTER TABLE `role_has_permissions`
  ADD CONSTRAINT `role_has_permissions_permission_id_foreign` FOREIGN KEY (`permission_id`) REFERENCES `permissions` (`id`) ON DELETE CASCADE,
  ADD CONSTRAINT `role_has_permissions_role_id_foreign` FOREIGN KEY (`role_id`) REFERENCES `roles` (`id`) ON DELETE CASCADE;
COMMIT;

/*!40101 SET CHARACTER_SET_CLIENT=@OLD_CHARACTER_SET_CLIENT */;
/*!40101 SET CHARACTER_SET_RESULTS=@OLD_CHARACTER_SET_RESULTS */;
/*!40101 SET COLLATION_CONNECTION=@OLD_COLLATION_CONNECTION */;
